<?xml version="1.0" encoding="UTF-8"?>

<ValueSet xmlns="http://hl7.org/fhir">
  <id value="ethnic-group-level-4"/>
  <text>
    <status value="generated"/><div xmlns="http://www.w3.org/1999/xhtml"><h2>NZ Ethnicity Level 4</h2><div><p>Value Set of all NZ Ethnicity Level 4 Codes</p>
</div><p><b>Copyright Statement:</b> © 2010+ New Zealand Crown Copyright</p><p>This value set includes codes from the following code systems:</p><ul><li>Include these codes as defined in <code>https://standards.digital.health.nz/codesystem/ethnic-group-level-4</code><table class="none"><tr><td style="white-space:nowrap"><b>Code</b></td><td><b>Display</b></td></tr><tr><td>10000</td><td>European NFD</td><td/></tr><tr><td>11111</td><td>New Zealand European</td><td/></tr><tr><td>12100</td><td>British NFD</td><td/></tr><tr><td>12111</td><td>Celtic</td><td/></tr><tr><td>12112</td><td>Channel Islander</td><td/></tr><tr><td>12113</td><td>Cornish</td><td/></tr><tr><td>12114</td><td>English</td><td/></tr><tr><td>12115</td><td>Gaelic</td><td/></tr><tr><td>12116</td><td>Irish</td><td/></tr><tr><td>12117</td><td>Manx</td><td/></tr><tr><td>12118</td><td>Orkney Islander</td><td/></tr><tr><td>12119</td><td>Scottish (Scots)</td><td/></tr><tr><td>12120</td><td>Shetland Islander</td><td/></tr><tr><td>12121</td><td>Welsh</td><td/></tr><tr><td>12199</td><td>British NEC</td><td/></tr><tr><td>12211</td><td>Dutch/Netherlands</td><td/></tr><tr><td>12311</td><td>Greek (including Greek Cypriot)</td><td/></tr><tr><td>12411</td><td>Polish</td><td/></tr><tr><td>12500</td><td>South Slav (formerly Yugoslav groups) NFD</td><td/></tr><tr><td>12511</td><td>Croat/Croatian</td><td/></tr><tr><td>12512</td><td>Dalmatian</td><td/></tr><tr><td>12513</td><td>Macedonian</td><td/></tr><tr><td>12514</td><td>Serb/Serbian</td><td/></tr><tr><td>12515</td><td>Slovene/Slovenian</td><td/></tr><tr><td>12516</td><td>Bosnian</td><td/></tr><tr><td>12599</td><td>South Slav (formerly Yugoslav groups) NEC</td><td/></tr><tr><td>12611</td><td>Italian</td><td/></tr><tr><td>12711</td><td>German</td><td/></tr><tr><td>12811</td><td>Australian</td><td/></tr><tr><td>12911</td><td>Albanian</td><td/></tr><tr><td>12912</td><td>Armenian</td><td/></tr><tr><td>12913</td><td>Austrian</td><td/></tr><tr><td>12914</td><td>Belgian</td><td/></tr><tr><td>12915</td><td>Bulgarian</td><td/></tr><tr><td>12916</td><td>Belorussian</td><td/></tr><tr><td>12917</td><td>Corsican</td><td/></tr><tr><td>12918</td><td>Cypriot Unspecified</td><td/></tr><tr><td>12919</td><td>Czech</td><td/></tr><tr><td>12920</td><td>Danish</td><td/></tr><tr><td>12921</td><td>Estonian</td><td/></tr><tr><td>12922</td><td>Finnish</td><td/></tr><tr><td>12923</td><td>Flemish</td><td/></tr><tr><td>12924</td><td>French</td><td/></tr><tr><td>12925</td><td>Greenlander</td><td/></tr><tr><td>12926</td><td>Hungarian</td><td/></tr><tr><td>12927</td><td>Icelander</td><td/></tr><tr><td>12928</td><td>Latvian</td><td/></tr><tr><td>12929</td><td>Lithuanian</td><td/></tr><tr><td>12930</td><td>Maltese</td><td/></tr><tr><td>12931</td><td>Norwegian</td><td/></tr><tr><td>12932</td><td>Portuguese</td><td/></tr><tr><td>12933</td><td>Romanian / Rumanian</td><td/></tr><tr><td>12934</td><td>Romany / Gypsy</td><td/></tr><tr><td>12935</td><td>Russian</td><td/></tr><tr><td>12936</td><td>Sardinian</td><td/></tr><tr><td>12937</td><td>Slavic / Slav</td><td/></tr><tr><td>12938</td><td>Slovak</td><td/></tr><tr><td>12939</td><td>Spanish</td><td/></tr><tr><td>12940</td><td>Swedish</td><td/></tr><tr><td>12941</td><td>Swiss</td><td/></tr><tr><td>12942</td><td>Ukrainian</td><td/></tr><tr><td>12943</td><td>American (US)</td><td/></tr><tr><td>12944</td><td>Burgher</td><td/></tr><tr><td>12945</td><td>Canadian</td><td/></tr><tr><td>12946</td><td>Falkland Islander / Kelper</td><td/></tr><tr><td>12947</td><td>New Caledonian</td><td/></tr><tr><td>12948</td><td>South African</td><td/></tr><tr><td>12949</td><td>Afrikaner</td><td/></tr><tr><td>12950</td><td>Zimbabwean</td><td/></tr><tr><td>12999</td><td>European NEC</td><td/></tr><tr><td>21111</td><td>Māori</td><td/></tr><tr><td>30000</td><td>Pacific peoples NFD</td><td/></tr><tr><td>31111</td><td>Samoan</td><td/></tr><tr><td>32100</td><td>Cook Island Māori NFD</td><td/></tr><tr><td>32111</td><td>Aitutaki Islander</td><td/></tr><tr><td>32112</td><td>Atiu Islander</td><td/></tr><tr><td>32113</td><td>Mangaia Islander</td><td/></tr><tr><td>32114</td><td>Manihiki Islander</td><td/></tr><tr><td>32115</td><td>Mauke Islander</td><td/></tr><tr><td>32116</td><td>Mitiaro Islander</td><td/></tr><tr><td>32117</td><td>Palmerston Islander</td><td/></tr><tr><td>32118</td><td>Penrhyn Islander</td><td/></tr><tr><td>32119</td><td>Pukapuka Islander</td><td/></tr><tr><td>32120</td><td>Rakahanga Islander</td><td/></tr><tr><td>32121</td><td>Rarotongan</td><td/></tr><tr><td>33111</td><td>Tongan</td><td/></tr><tr><td>34111</td><td>Niuean</td><td/></tr><tr><td>35111</td><td>Tokelauan</td><td/></tr><tr><td>36111</td><td>Fijian (except Fiji Indian / Indo-Fijian)</td><td/></tr><tr><td>37111</td><td>Admiralty Islander</td><td/></tr><tr><td>37112</td><td>Australian Aboriginal</td><td/></tr><tr><td>37113</td><td>Austral Islander</td><td/></tr><tr><td>37114</td><td>Belau / Palau Islander</td><td/></tr><tr><td>37115</td><td>Bismark Archipelagoan</td><td/></tr><tr><td>37116</td><td>Bougainvillean</td><td/></tr><tr><td>37117</td><td>Caroline Islander</td><td/></tr><tr><td>37118</td><td>Easter Islander</td><td/></tr><tr><td>37119</td><td>Gambier Islander</td><td/></tr><tr><td>37120</td><td>Guadalcanalian</td><td/></tr><tr><td>37121</td><td>Guam Islander / Chamorro</td><td/></tr><tr><td>37122</td><td>Hawaiian</td><td/></tr><tr><td>37123</td><td>Kanaka / Kanak</td><td/></tr><tr><td>37124</td><td>I-Kiribati / Gilbertese</td><td/></tr><tr><td>37125</td><td>Malaitian</td><td/></tr><tr><td>37126</td><td>Manus Islander</td><td/></tr><tr><td>37127</td><td>Marianas Islander</td><td/></tr><tr><td>37128</td><td>Marquesas Islander</td><td/></tr><tr><td>37129</td><td>Marshall Islander</td><td/></tr><tr><td>37130</td><td>Nauru Islander</td><td/></tr><tr><td>37131</td><td>New Britain Islander</td><td/></tr><tr><td>37132</td><td>New Georgian</td><td/></tr><tr><td>37133</td><td>New Irelander</td><td/></tr><tr><td>37134</td><td>Ocean Islander / Banaban</td><td/></tr><tr><td>37135</td><td>Papuan / New Guinean / Irian Jayan</td><td/></tr><tr><td>37136</td><td>Phoenix Islander</td><td/></tr><tr><td>37137</td><td>Pitcairn Islander</td><td/></tr><tr><td>37138</td><td>Rotuman / Rotuman Islander</td><td/></tr><tr><td>37139</td><td>Santa Cruz Islander</td><td/></tr><tr><td>37140</td><td>Society Islander (including Tahitian)</td><td/></tr><tr><td>37141</td><td>Solomon Islander</td><td/></tr><tr><td>37142</td><td>Torres Strait Islander / Thursday Islander</td><td/></tr><tr><td>37143</td><td>Tuamotu Islander</td><td/></tr><tr><td>37144</td><td>Tuvalu Islander / Ellice Islander</td><td/></tr><tr><td>37145</td><td>Vanuatu Islander / New Hebridean</td><td/></tr><tr><td>37146</td><td>Wake Islander</td><td/></tr><tr><td>37147</td><td>Wallis Islander</td><td/></tr><tr><td>37148</td><td>Yap Islander</td><td/></tr><tr><td>37199</td><td>Other Pacific peoples NEC</td><td/></tr><tr><td>40000</td><td>Asian NFD</td><td/></tr><tr><td>41000</td><td>Southeast Asian NFD</td><td/></tr><tr><td>41111</td><td>Filipino</td><td/></tr><tr><td>41211</td><td>Khmer / Kampuchean / Cambodian</td><td/></tr><tr><td>41311</td><td>Vietnamese</td><td/></tr><tr><td>41411</td><td>Burmese</td><td/></tr><tr><td>41412</td><td>Indonesian (including Javanese / Sundanese / Sumatran)</td><td/></tr><tr><td>41413</td><td>Lao / Laotian</td><td/></tr><tr><td>41414</td><td>Malay / Malayan</td><td/></tr><tr><td>41415</td><td>Thai / Tai / Siamese</td><td/></tr><tr><td>41499</td><td>Other Southeast Asian NEC</td><td/></tr><tr><td>42100</td><td>Chinese NFD</td><td/></tr><tr><td>42111</td><td>Hong Kong Chinese</td><td/></tr><tr><td>42112</td><td>Kampuchean Chinese</td><td/></tr><tr><td>42113</td><td>Malaysian Chinese</td><td/></tr><tr><td>42114</td><td>Singaporean Chinese</td><td/></tr><tr><td>42115</td><td>Vietnamese Chinese</td><td/></tr><tr><td>42116</td><td>Taiwanese Chinese</td><td/></tr><tr><td>42199</td><td>Chinese NEC</td><td/></tr><tr><td>43100</td><td>Indian NFD</td><td/></tr><tr><td>43111</td><td>Bengali</td><td/></tr><tr><td>43112</td><td>Fijian Indian / Indo-Fijian</td><td/></tr><tr><td>43113</td><td>Gujarati</td><td/></tr><tr><td>43114</td><td>Tamil</td><td/></tr><tr><td>43115</td><td>Punjabi</td><td/></tr><tr><td>43116</td><td>Sikh</td><td/></tr><tr><td>43117</td><td>Anglo Indian</td><td/></tr><tr><td>43199</td><td>Indian NEC</td><td/></tr><tr><td>44100</td><td>Sri Lankan NFD</td><td/></tr><tr><td>44111</td><td>Sinhalese</td><td/></tr><tr><td>44112</td><td>Sri Lankan Tamil</td><td/></tr><tr><td>44199</td><td>Sri Lankan NEC</td><td/></tr><tr><td>44211</td><td>Japanese</td><td/></tr><tr><td>44311</td><td>Korean</td><td/></tr><tr><td>44411</td><td>Afghani</td><td/></tr><tr><td>44412</td><td>Bangladeshi</td><td/></tr><tr><td>44413</td><td>Nepalese</td><td/></tr><tr><td>44414</td><td>Pakistani</td><td/></tr><tr><td>44415</td><td>Tibetan</td><td/></tr><tr><td>44416</td><td>Eurasian</td><td/></tr><tr><td>44499</td><td>Other Asian NEC</td><td/></tr><tr><td>51100</td><td>Middle Eastern NFD</td><td/></tr><tr><td>51111</td><td>Algerian</td><td/></tr><tr><td>51112</td><td>Arab</td><td/></tr><tr><td>51113</td><td>Assyrian</td><td/></tr><tr><td>51114</td><td>Egyptian</td><td/></tr><tr><td>51115</td><td>Iranian / Persian</td><td/></tr><tr><td>51116</td><td>Iraqi</td><td/></tr><tr><td>51117</td><td>Israeli / Jewish / Hebrew</td><td/></tr><tr><td>51118</td><td>Jordanian</td><td/></tr><tr><td>51119</td><td>Kurd</td><td/></tr><tr><td>51120</td><td>Lebanese</td><td/></tr><tr><td>51121</td><td>Libyan</td><td/></tr><tr><td>51122</td><td>Moroccan</td><td/></tr><tr><td>51123</td><td>Omani</td><td/></tr><tr><td>51124</td><td>Palestinian</td><td/></tr><tr><td>51125</td><td>Syrian</td><td/></tr><tr><td>51126</td><td>Tunisian</td><td/></tr><tr><td>51127</td><td>Turkish (including Turkish Cypriot)</td><td/></tr><tr><td>51128</td><td>Yemeni</td><td/></tr><tr><td>51199</td><td>Middle Eastern NEC</td><td/></tr><tr><td>52100</td><td>Latin American / Hispanic NFD</td><td/></tr><tr><td>52111</td><td>Argentinian</td><td/></tr><tr><td>52112</td><td>Bolivian</td><td/></tr><tr><td>52113</td><td>Brazilian</td><td/></tr><tr><td>52114</td><td>Chilean</td><td/></tr><tr><td>52115</td><td>Colombian</td><td/></tr><tr><td>52116</td><td>Costa Rican</td><td/></tr><tr><td>52117</td><td>Creole (Latin America)</td><td/></tr><tr><td>52118</td><td>Ecuadorian</td><td/></tr><tr><td>52119</td><td>Guatemalan</td><td/></tr><tr><td>52120</td><td>Guyanese</td><td/></tr><tr><td>52121</td><td>Honduran</td><td/></tr><tr><td>52122</td><td>Malvinian (Spanish-speaking Falkland Islander)</td><td/></tr><tr><td>52123</td><td>Mexican</td><td/></tr><tr><td>52124</td><td>Nicaraguan</td><td/></tr><tr><td>52125</td><td>Panamanian</td><td/></tr><tr><td>52126</td><td>Paraguayan</td><td/></tr><tr><td>52127</td><td>Peruvian</td><td/></tr><tr><td>52128</td><td>Puerto Rican</td><td/></tr><tr><td>52129</td><td>Uruguayan</td><td/></tr><tr><td>52130</td><td>Venezuelan</td><td/></tr><tr><td>52199</td><td>Latin American / Hispanic NEC</td><td/></tr><tr><td>53100</td><td>African NFD</td><td/></tr><tr><td>53112</td><td>Creole (US)</td><td/></tr><tr><td>53113</td><td>Jamaican</td><td/></tr><tr><td>53114</td><td>Kenyan</td><td/></tr><tr><td>53115</td><td>Nigerian</td><td/></tr><tr><td>53116</td><td>African American</td><td/></tr><tr><td>53117</td><td>Ugandan</td><td/></tr><tr><td>53118</td><td>West Indian / Caribbean</td><td/></tr><tr><td>53119</td><td>Somali</td><td/></tr><tr><td>53120</td><td>Eritrean</td><td/></tr><tr><td>53121</td><td>Ethiopian</td><td/></tr><tr><td>53122</td><td>Ghanaian</td><td/></tr><tr><td>53199</td><td>Other African NEC</td><td/></tr><tr><td>61111</td><td>Central American Indian</td><td/></tr><tr><td>61112</td><td>Inuit / Eskimo</td><td/></tr><tr><td>61113</td><td>North American Indian</td><td/></tr><tr><td>61114</td><td>South American Indian</td><td/></tr><tr><td>61115</td><td>Mauritian</td><td/></tr><tr><td>61116</td><td>Seychelles Islander</td><td/></tr><tr><td>61117</td><td>South African Coloured</td><td/></tr><tr><td>61118</td><td>New Zealander</td><td/></tr><tr><td>61199</td><td>Other NEC</td><td/></tr><tr><td>94444</td><td>Don't know</td><td/></tr><tr><td>95555</td><td>Refused to answer</td><td/></tr><tr><td>96666</td><td>Repeated Value</td><td/></tr><tr><td>97777</td><td>Response unidentifiable</td><td/></tr><tr><td>98888</td><td>Response Outside Scope</td><td/></tr><tr><td>99999</td><td>Not stated</td><td/></tr></table></li></ul></div>
  </text>
  <url value="https://standards.digital.health.nz/valueset/ethnic-group-level-4"/>
  <version value="1.0.1"/>
  <name value="NZ Ethnicity Level 4"/>
  <status value="active"/>
  <experimental value="false"/>
  <date value="2019-03-07T00:00:00+13:00"/>
  <publisher value="Patients First Ltd"/>
  <contact>
    <telecom>
      <system value="email"/>
      <value value="peter.jordan@patientsfirst.org.nz"/>
    </telecom>
  </contact>
  <description value="Value Set of all NZ Ethnicity Level 4 Codes"/>
  <copyright value="&#xA9; 2010+ New Zealand Crown Copyright"/>
  <compose>
    <include>
      <system value="https://standards.digital.health.nz/codesystem/ethnic-group-level-4"/>
      <version value="1.0.1"/>
      <concept>
        <code value="10000"/>
        <display value="European NFD"/>
      </concept>
      <concept>
        <code value="11111"/>
        <display value="New Zealand European"/>
      </concept>
      <concept>
        <code value="12100"/>
        <display value="British NFD"/>
      </concept>
      <concept>
        <code value="12111"/>
        <display value="Celtic"/>
      </concept>
      <concept>
        <code value="12112"/>
        <display value="Channel Islander"/>
      </concept>
      <concept>
        <code value="12113"/>
        <display value="Cornish"/>
      </concept>
      <concept>
        <code value="12114"/>
        <display value="English"/>
      </concept>
      <concept>
        <code value="12115"/>
        <display value="Gaelic"/>
      </concept>
      <concept>
        <code value="12116"/>
        <display value="Irish"/>
      </concept>
      <concept>
        <code value="12117"/>
        <display value="Manx"/>
      </concept>
      <concept>
        <code value="12118"/>
        <display value="Orkney Islander"/>
      </concept>
      <concept>
        <code value="12119"/>
        <display value="Scottish (Scots)"/>
      </concept>
      <concept>
        <code value="12120"/>
        <display value="Shetland Islander"/>
      </concept>
      <concept>
        <code value="12121"/>
        <display value="Welsh"/>
      </concept>
      <concept>
        <code value="12199"/>
        <display value="British NEC"/>
      </concept>
      <concept>
        <code value="12211"/>
        <display value="Dutch/Netherlands"/>
      </concept>
      <concept>
        <code value="12311"/>
        <display value="Greek (including Greek Cypriot)"/>
      </concept>
      <concept>
        <code value="12411"/>
        <display value="Polish"/>
      </concept>
      <concept>
        <code value="12500"/>
        <display value="South Slav (formerly Yugoslav groups) NFD"/>
      </concept>
      <concept>
        <code value="12511"/>
        <display value="Croat/Croatian"/>
      </concept>
      <concept>
        <code value="12512"/>
        <display value="Dalmatian"/>
      </concept>
      <concept>
        <code value="12513"/>
        <display value="Macedonian"/>
      </concept>
      <concept>
        <code value="12514"/>
        <display value="Serb/Serbian"/>
      </concept>
      <concept>
        <code value="12515"/>
        <display value="Slovene/Slovenian"/>
      </concept>
      <concept>
        <code value="12516"/>
        <display value="Bosnian"/>
      </concept>
      <concept>
        <code value="12599"/>
        <display value="South Slav (formerly Yugoslav groups) NEC"/>
      </concept>
      <concept>
        <code value="12611"/>
        <display value="Italian"/>
      </concept>
      <concept>
        <code value="12711"/>
        <display value="German"/>
      </concept>
      <concept>
        <code value="12811"/>
        <display value="Australian"/>
      </concept>
      <concept>
        <code value="12911"/>
        <display value="Albanian"/>
      </concept>
      <concept>
        <code value="12912"/>
        <display value="Armenian"/>
      </concept>
      <concept>
        <code value="12913"/>
        <display value="Austrian"/>
      </concept>
      <concept>
        <code value="12914"/>
        <display value="Belgian"/>
      </concept>
      <concept>
        <code value="12915"/>
        <display value="Bulgarian"/>
      </concept>
      <concept>
        <code value="12916"/>
        <display value="Belorussian"/>
      </concept>
      <concept>
        <code value="12917"/>
        <display value="Corsican"/>
      </concept>
      <concept>
        <code value="12918"/>
        <display value="Cypriot Unspecified"/>
      </concept>
      <concept>
        <code value="12919"/>
        <display value="Czech"/>
      </concept>
      <concept>
        <code value="12920"/>
        <display value="Danish"/>
      </concept>
      <concept>
        <code value="12921"/>
        <display value="Estonian"/>
      </concept>
      <concept>
        <code value="12922"/>
        <display value="Finnish"/>
      </concept>
      <concept>
        <code value="12923"/>
        <display value="Flemish"/>
      </concept>
      <concept>
        <code value="12924"/>
        <display value="French"/>
      </concept>
      <concept>
        <code value="12925"/>
        <display value="Greenlander"/>
      </concept>
      <concept>
        <code value="12926"/>
        <display value="Hungarian"/>
      </concept>
      <concept>
        <code value="12927"/>
        <display value="Icelander"/>
      </concept>
      <concept>
        <code value="12928"/>
        <display value="Latvian"/>
      </concept>
      <concept>
        <code value="12929"/>
        <display value="Lithuanian"/>
      </concept>
      <concept>
        <code value="12930"/>
        <display value="Maltese"/>
      </concept>
      <concept>
        <code value="12931"/>
        <display value="Norwegian"/>
      </concept>
      <concept>
        <code value="12932"/>
        <display value="Portuguese"/>
      </concept>
      <concept>
        <code value="12933"/>
        <display value="Romanian / Rumanian"/>
      </concept>
      <concept>
        <code value="12934"/>
        <display value="Romany / Gypsy"/>
      </concept>
      <concept>
        <code value="12935"/>
        <display value="Russian"/>
      </concept>
      <concept>
        <code value="12936"/>
        <display value="Sardinian"/>
      </concept>
      <concept>
        <code value="12937"/>
        <display value="Slavic / Slav"/>
      </concept>
      <concept>
        <code value="12938"/>
        <display value="Slovak"/>
      </concept>
      <concept>
        <code value="12939"/>
        <display value="Spanish"/>
      </concept>
      <concept>
        <code value="12940"/>
        <display value="Swedish"/>
      </concept>
      <concept>
        <code value="12941"/>
        <display value="Swiss"/>
      </concept>
      <concept>
        <code value="12942"/>
        <display value="Ukrainian"/>
      </concept>
      <concept>
        <code value="12943"/>
        <display value="American (US)"/>
      </concept>
      <concept>
        <code value="12944"/>
        <display value="Burgher"/>
      </concept>
      <concept>
        <code value="12945"/>
        <display value="Canadian"/>
      </concept>
      <concept>
        <code value="12946"/>
        <display value="Falkland Islander / Kelper"/>
      </concept>
      <concept>
        <code value="12947"/>
        <display value="New Caledonian"/>
      </concept>
      <concept>
        <code value="12948"/>
        <display value="South African"/>
      </concept>
      <concept>
        <code value="12949"/>
        <display value="Afrikaner"/>
      </concept>
      <concept>
        <code value="12950"/>
        <display value="Zimbabwean"/>
      </concept>
      <concept>
        <code value="12999"/>
        <display value="European NEC"/>
      </concept>
      <concept>
        <code value="21111"/>
        <display value="M&#x101;ori"/>
      </concept>
      <concept>
        <code value="30000"/>
        <display value="Pacific peoples NFD"/>
      </concept>
      <concept>
        <code value="31111"/>
        <display value="Samoan"/>
      </concept>
      <concept>
        <code value="32100"/>
        <display value="Cook Island M&#x101;ori NFD"/>
      </concept>
      <concept>
        <code value="32111"/>
        <display value="Aitutaki Islander"/>
      </concept>
      <concept>
        <code value="32112"/>
        <display value="Atiu Islander"/>
      </concept>
      <concept>
        <code value="32113"/>
        <display value="Mangaia Islander"/>
      </concept>
      <concept>
        <code value="32114"/>
        <display value="Manihiki Islander"/>
      </concept>
      <concept>
        <code value="32115"/>
        <display value="Mauke Islander"/>
      </concept>
      <concept>
        <code value="32116"/>
        <display value="Mitiaro Islander"/>
      </concept>
      <concept>
        <code value="32117"/>
        <display value="Palmerston Islander"/>
      </concept>
      <concept>
        <code value="32118"/>
        <display value="Penrhyn Islander"/>
      </concept>
      <concept>
        <code value="32119"/>
        <display value="Pukapuka Islander"/>
      </concept>
      <concept>
        <code value="32120"/>
        <display value="Rakahanga Islander"/>
      </concept>
      <concept>
        <code value="32121"/>
        <display value="Rarotongan"/>
      </concept>
      <concept>
        <code value="33111"/>
        <display value="Tongan"/>
      </concept>
      <concept>
        <code value="34111"/>
        <display value="Niuean"/>
      </concept>
      <concept>
        <code value="35111"/>
        <display value="Tokelauan"/>
      </concept>
      <concept>
        <code value="36111"/>
        <display value="Fijian (except Fiji Indian / Indo-Fijian)"/>
      </concept>
      <concept>
        <code value="37111"/>
        <display value="Admiralty Islander"/>
      </concept>
      <concept>
        <code value="37112"/>
        <display value="Australian Aboriginal"/>
      </concept>
      <concept>
        <code value="37113"/>
        <display value="Austral Islander"/>
      </concept>
      <concept>
        <code value="37114"/>
        <display value="Belau / Palau Islander"/>
      </concept>
      <concept>
        <code value="37115"/>
        <display value="Bismark Archipelagoan"/>
      </concept>
      <concept>
        <code value="37116"/>
        <display value="Bougainvillean"/>
      </concept>
      <concept>
        <code value="37117"/>
        <display value="Caroline Islander"/>
      </concept>
      <concept>
        <code value="37118"/>
        <display value="Easter Islander"/>
      </concept>
      <concept>
        <code value="37119"/>
        <display value="Gambier Islander"/>
      </concept>
      <concept>
        <code value="37120"/>
        <display value="Guadalcanalian"/>
      </concept>
      <concept>
        <code value="37121"/>
        <display value="Guam Islander / Chamorro"/>
      </concept>
      <concept>
        <code value="37122"/>
        <display value="Hawaiian"/>
      </concept>
      <concept>
        <code value="37123"/>
        <display value="Kanaka / Kanak"/>
      </concept>
      <concept>
        <code value="37124"/>
        <display value="I-Kiribati / Gilbertese"/>
      </concept>
      <concept>
        <code value="37125"/>
        <display value="Malaitian"/>
      </concept>
      <concept>
        <code value="37126"/>
        <display value="Manus Islander"/>
      </concept>
      <concept>
        <code value="37127"/>
        <display value="Marianas Islander"/>
      </concept>
      <concept>
        <code value="37128"/>
        <display value="Marquesas Islander"/>
      </concept>
      <concept>
        <code value="37129"/>
        <display value="Marshall Islander"/>
      </concept>
      <concept>
        <code value="37130"/>
        <display value="Nauru Islander"/>
      </concept>
      <concept>
        <code value="37131"/>
        <display value="New Britain Islander"/>
      </concept>
      <concept>
        <code value="37132"/>
        <display value="New Georgian"/>
      </concept>
      <concept>
        <code value="37133"/>
        <display value="New Irelander"/>
      </concept>
      <concept>
        <code value="37134"/>
        <display value="Ocean Islander / Banaban"/>
      </concept>
      <concept>
        <code value="37135"/>
        <display value="Papuan / New Guinean / Irian Jayan"/>
      </concept>
      <concept>
        <code value="37136"/>
        <display value="Phoenix Islander"/>
      </concept>
      <concept>
        <code value="37137"/>
        <display value="Pitcairn Islander"/>
      </concept>
      <concept>
        <code value="37138"/>
        <display value="Rotuman / Rotuman Islander"/>
      </concept>
      <concept>
        <code value="37139"/>
        <display value="Santa Cruz Islander"/>
      </concept>
      <concept>
        <code value="37140"/>
        <display value="Society Islander (including Tahitian)"/>
      </concept>
      <concept>
        <code value="37141"/>
        <display value="Solomon Islander"/>
      </concept>
      <concept>
        <code value="37142"/>
        <display value="Torres Strait Islander / Thursday Islander"/>
      </concept>
      <concept>
        <code value="37143"/>
        <display value="Tuamotu Islander"/>
      </concept>
      <concept>
        <code value="37144"/>
        <display value="Tuvalu Islander / Ellice Islander"/>
      </concept>
      <concept>
        <code value="37145"/>
        <display value="Vanuatu Islander / New Hebridean"/>
      </concept>
      <concept>
        <code value="37146"/>
        <display value="Wake Islander"/>
      </concept>
      <concept>
        <code value="37147"/>
        <display value="Wallis Islander"/>
      </concept>
      <concept>
        <code value="37148"/>
        <display value="Yap Islander"/>
      </concept>
      <concept>
        <code value="37199"/>
        <display value="Other Pacific peoples NEC"/>
      </concept>
      <concept>
        <code value="40000"/>
        <display value="Asian NFD"/>
      </concept>
      <concept>
        <code value="41000"/>
        <display value="Southeast Asian NFD"/>
      </concept>
      <concept>
        <code value="41111"/>
        <display value="Filipino"/>
      </concept>
      <concept>
        <code value="41211"/>
        <display value="Khmer / Kampuchean / Cambodian"/>
      </concept>
      <concept>
        <code value="41311"/>
        <display value="Vietnamese"/>
      </concept>
      <concept>
        <code value="41411"/>
        <display value="Burmese"/>
      </concept>
      <concept>
        <code value="41412"/>
        <display value="Indonesian (including Javanese / Sundanese / Sumatran)"/>
      </concept>
      <concept>
        <code value="41413"/>
        <display value="Lao / Laotian"/>
      </concept>
      <concept>
        <code value="41414"/>
        <display value="Malay / Malayan"/>
      </concept>
      <concept>
        <code value="41415"/>
        <display value="Thai / Tai / Siamese"/>
      </concept>
      <concept>
        <code value="41499"/>
        <display value="Other Southeast Asian NEC"/>
      </concept>
      <concept>
        <code value="42100"/>
        <display value="Chinese NFD"/>
      </concept>
      <concept>
        <code value="42111"/>
        <display value="Hong Kong Chinese"/>
      </concept>
      <concept>
        <code value="42112"/>
        <display value="Kampuchean Chinese"/>
      </concept>
      <concept>
        <code value="42113"/>
        <display value="Malaysian Chinese"/>
      </concept>
      <concept>
        <code value="42114"/>
        <display value="Singaporean Chinese"/>
      </concept>
      <concept>
        <code value="42115"/>
        <display value="Vietnamese Chinese"/>
      </concept>
      <concept>
        <code value="42116"/>
        <display value="Taiwanese Chinese"/>
      </concept>
      <concept>
        <code value="42199"/>
        <display value="Chinese NEC"/>
      </concept>
      <concept>
        <code value="43100"/>
        <display value="Indian NFD"/>
      </concept>
      <concept>
        <code value="43111"/>
        <display value="Bengali"/>
      </concept>
      <concept>
        <code value="43112"/>
        <display value="Fijian Indian / Indo-Fijian"/>
      </concept>
      <concept>
        <code value="43113"/>
        <display value="Gujarati"/>
      </concept>
      <concept>
        <code value="43114"/>
        <display value="Tamil"/>
      </concept>
      <concept>
        <code value="43115"/>
        <display value="Punjabi"/>
      </concept>
      <concept>
        <code value="43116"/>
        <display value="Sikh"/>
      </concept>
      <concept>
        <code value="43117"/>
        <display value="Anglo Indian"/>
      </concept>
      <concept>
        <code value="43199"/>
        <display value="Indian NEC"/>
      </concept>
      <concept>
        <code value="44100"/>
        <display value="Sri Lankan NFD"/>
      </concept>
      <concept>
        <code value="44111"/>
        <display value="Sinhalese"/>
      </concept>
      <concept>
        <code value="44112"/>
        <display value="Sri Lankan Tamil"/>
      </concept>
      <concept>
        <code value="44199"/>
        <display value="Sri Lankan NEC"/>
      </concept>
      <concept>
        <code value="44211"/>
        <display value="Japanese"/>
      </concept>
      <concept>
        <code value="44311"/>
        <display value="Korean"/>
      </concept>
      <concept>
        <code value="44411"/>
        <display value="Afghani"/>
      </concept>
      <concept>
        <code value="44412"/>
        <display value="Bangladeshi"/>
      </concept>
      <concept>
        <code value="44413"/>
        <display value="Nepalese"/>
      </concept>
      <concept>
        <code value="44414"/>
        <display value="Pakistani"/>
      </concept>
      <concept>
        <code value="44415"/>
        <display value="Tibetan"/>
      </concept>
      <concept>
        <code value="44416"/>
        <display value="Eurasian"/>
      </concept>
      <concept>
        <code value="44499"/>
        <display value="Other Asian NEC"/>
      </concept>
      <concept>
        <code value="51100"/>
        <display value="Middle Eastern NFD"/>
      </concept>
      <concept>
        <code value="51111"/>
        <display value="Algerian"/>
      </concept>
      <concept>
        <code value="51112"/>
        <display value="Arab"/>
      </concept>
      <concept>
        <code value="51113"/>
        <display value="Assyrian"/>
      </concept>
      <concept>
        <code value="51114"/>
        <display value="Egyptian"/>
      </concept>
      <concept>
        <code value="51115"/>
        <display value="Iranian / Persian"/>
      </concept>
      <concept>
        <code value="51116"/>
        <display value="Iraqi"/>
      </concept>
      <concept>
        <code value="51117"/>
        <display value="Israeli / Jewish / Hebrew"/>
      </concept>
      <concept>
        <code value="51118"/>
        <display value="Jordanian"/>
      </concept>
      <concept>
        <code value="51119"/>
        <display value="Kurd"/>
      </concept>
      <concept>
        <code value="51120"/>
        <display value="Lebanese"/>
      </concept>
      <concept>
        <code value="51121"/>
        <display value="Libyan"/>
      </concept>
      <concept>
        <code value="51122"/>
        <display value="Moroccan"/>
      </concept>
      <concept>
        <code value="51123"/>
        <display value="Omani"/>
      </concept>
      <concept>
        <code value="51124"/>
        <display value="Palestinian"/>
      </concept>
      <concept>
        <code value="51125"/>
        <display value="Syrian"/>
      </concept>
      <concept>
        <code value="51126"/>
        <display value="Tunisian"/>
      </concept>
      <concept>
        <code value="51127"/>
        <display value="Turkish (including Turkish Cypriot)"/>
      </concept>
      <concept>
        <code value="51128"/>
        <display value="Yemeni"/>
      </concept>
      <concept>
        <code value="51199"/>
        <display value="Middle Eastern NEC"/>
      </concept>
      <concept>
        <code value="52100"/>
        <display value="Latin American / Hispanic NFD"/>
      </concept>
      <concept>
        <code value="52111"/>
        <display value="Argentinian"/>
      </concept>
      <concept>
        <code value="52112"/>
        <display value="Bolivian"/>
      </concept>
      <concept>
        <code value="52113"/>
        <display value="Brazilian"/>
      </concept>
      <concept>
        <code value="52114"/>
        <display value="Chilean"/>
      </concept>
      <concept>
        <code value="52115"/>
        <display value="Colombian"/>
      </concept>
      <concept>
        <code value="52116"/>
        <display value="Costa Rican"/>
      </concept>
      <concept>
        <code value="52117"/>
        <display value="Creole (Latin America)"/>
      </concept>
      <concept>
        <code value="52118"/>
        <display value="Ecuadorian"/>
      </concept>
      <concept>
        <code value="52119"/>
        <display value="Guatemalan"/>
      </concept>
      <concept>
        <code value="52120"/>
        <display value="Guyanese"/>
      </concept>
      <concept>
        <code value="52121"/>
        <display value="Honduran"/>
      </concept>
      <concept>
        <code value="52122"/>
        <display value="Malvinian (Spanish-speaking Falkland Islander)"/>
      </concept>
      <concept>
        <code value="52123"/>
        <display value="Mexican"/>
      </concept>
      <concept>
        <code value="52124"/>
        <display value="Nicaraguan"/>
      </concept>
      <concept>
        <code value="52125"/>
        <display value="Panamanian"/>
      </concept>
      <concept>
        <code value="52126"/>
        <display value="Paraguayan"/>
      </concept>
      <concept>
        <code value="52127"/>
        <display value="Peruvian"/>
      </concept>
      <concept>
        <code value="52128"/>
        <display value="Puerto Rican"/>
      </concept>
      <concept>
        <code value="52129"/>
        <display value="Uruguayan"/>
      </concept>
      <concept>
        <code value="52130"/>
        <display value="Venezuelan"/>
      </concept>
      <concept>
        <code value="52199"/>
        <display value="Latin American / Hispanic NEC"/>
      </concept>
      <concept>
        <code value="53100"/>
        <display value="African NFD"/>
      </concept>
      <concept>
        <code value="53112"/>
        <display value="Creole (US)"/>
      </concept>
      <concept>
        <code value="53113"/>
        <display value="Jamaican"/>
      </concept>
      <concept>
        <code value="53114"/>
        <display value="Kenyan"/>
      </concept>
      <concept>
        <code value="53115"/>
        <display value="Nigerian"/>
      </concept>
      <concept>
        <code value="53116"/>
        <display value="African American"/>
      </concept>
      <concept>
        <code value="53117"/>
        <display value="Ugandan"/>
      </concept>
      <concept>
        <code value="53118"/>
        <display value="West Indian / Caribbean"/>
      </concept>
      <concept>
        <code value="53119"/>
        <display value="Somali"/>
      </concept>
      <concept>
        <code value="53120"/>
        <display value="Eritrean"/>
      </concept>
      <concept>
        <code value="53121"/>
        <display value="Ethiopian"/>
      </concept>
      <concept>
        <code value="53122"/>
        <display value="Ghanaian"/>
      </concept>
      <concept>
        <code value="53199"/>
        <display value="Other African NEC"/>
      </concept>
      <concept>
        <code value="61111"/>
        <display value="Central American Indian"/>
      </concept>
      <concept>
        <code value="61112"/>
        <display value="Inuit / Eskimo"/>
      </concept>
      <concept>
        <code value="61113"/>
        <display value="North American Indian"/>
      </concept>
      <concept>
        <code value="61114"/>
        <display value="South American Indian"/>
      </concept>
      <concept>
        <code value="61115"/>
        <display value="Mauritian"/>
      </concept>
      <concept>
        <code value="61116"/>
        <display value="Seychelles Islander"/>
      </concept>
      <concept>
        <code value="61117"/>
        <display value="South African Coloured"/>
      </concept>
      <concept>
        <code value="61118"/>
        <display value="New Zealander"/>
      </concept>
      <concept>
        <code value="61199"/>
        <display value="Other NEC"/>
      </concept>
      <concept>
        <code value="94444"/>
        <display value="Don&#39;t know"/>
      </concept>
      <concept>
        <code value="95555"/>
        <display value="Refused to answer"/>
      </concept>
      <concept>
        <code value="96666"/>
        <display value="Repeated Value"/>
      </concept>
      <concept>
        <code value="97777"/>
        <display value="Response unidentifiable"/>
      </concept>
      <concept>
        <code value="98888"/>
        <display value="Response Outside Scope"/>
      </concept>
      <concept>
        <code value="99999"/>
        <display value="Not stated"/>
      </concept>
    </include>
  </compose>
</ValueSet>