{
  "resourceType": "ValueSet",
  "id": "ethnic-group-level-4",
  "text": {
    "status": "generated",
    "div": "<div xmlns=\"http://www.w3.org/1999/xhtml\"><h2>NZ Ethnicity Level 4</h2><div><p>Value Set of all NZ Ethnicity Level 4 Codes</p>\n</div><p><b>Copyright Statement:</b> © 2010+ New Zealand Crown Copyright</p><p>This value set includes codes from the following code systems:</p><ul><li>Include these codes as defined in <code>https://standards.digital.health.nz/codesystem/ethnic-group-level-4</code><table class=\"none\"><tr><td style=\"white-space:nowrap\"><b>Code</b></td><td><b>Display</b></td></tr><tr><td>10000</td><td>European NFD</td><td/></tr><tr><td>11111</td><td>New Zealand European</td><td/></tr><tr><td>12100</td><td>British NFD</td><td/></tr><tr><td>12111</td><td>Celtic</td><td/></tr><tr><td>12112</td><td>Channel Islander</td><td/></tr><tr><td>12113</td><td>Cornish</td><td/></tr><tr><td>12114</td><td>English</td><td/></tr><tr><td>12115</td><td>Gaelic</td><td/></tr><tr><td>12116</td><td>Irish</td><td/></tr><tr><td>12117</td><td>Manx</td><td/></tr><tr><td>12118</td><td>Orkney Islander</td><td/></tr><tr><td>12119</td><td>Scottish (Scots)</td><td/></tr><tr><td>12120</td><td>Shetland Islander</td><td/></tr><tr><td>12121</td><td>Welsh</td><td/></tr><tr><td>12199</td><td>British NEC</td><td/></tr><tr><td>12211</td><td>Dutch/Netherlands</td><td/></tr><tr><td>12311</td><td>Greek (including Greek Cypriot)</td><td/></tr><tr><td>12411</td><td>Polish</td><td/></tr><tr><td>12500</td><td>South Slav (formerly Yugoslav groups) NFD</td><td/></tr><tr><td>12511</td><td>Croat/Croatian</td><td/></tr><tr><td>12512</td><td>Dalmatian</td><td/></tr><tr><td>12513</td><td>Macedonian</td><td/></tr><tr><td>12514</td><td>Serb/Serbian</td><td/></tr><tr><td>12515</td><td>Slovene/Slovenian</td><td/></tr><tr><td>12516</td><td>Bosnian</td><td/></tr><tr><td>12599</td><td>South Slav (formerly Yugoslav groups) NEC</td><td/></tr><tr><td>12611</td><td>Italian</td><td/></tr><tr><td>12711</td><td>German</td><td/></tr><tr><td>12811</td><td>Australian</td><td/></tr><tr><td>12911</td><td>Albanian</td><td/></tr><tr><td>12912</td><td>Armenian</td><td/></tr><tr><td>12913</td><td>Austrian</td><td/></tr><tr><td>12914</td><td>Belgian</td><td/></tr><tr><td>12915</td><td>Bulgarian</td><td/></tr><tr><td>12916</td><td>Belorussian</td><td/></tr><tr><td>12917</td><td>Corsican</td><td/></tr><tr><td>12918</td><td>Cypriot Unspecified</td><td/></tr><tr><td>12919</td><td>Czech</td><td/></tr><tr><td>12920</td><td>Danish</td><td/></tr><tr><td>12921</td><td>Estonian</td><td/></tr><tr><td>12922</td><td>Finnish</td><td/></tr><tr><td>12923</td><td>Flemish</td><td/></tr><tr><td>12924</td><td>French</td><td/></tr><tr><td>12925</td><td>Greenlander</td><td/></tr><tr><td>12926</td><td>Hungarian</td><td/></tr><tr><td>12927</td><td>Icelander</td><td/></tr><tr><td>12928</td><td>Latvian</td><td/></tr><tr><td>12929</td><td>Lithuanian</td><td/></tr><tr><td>12930</td><td>Maltese</td><td/></tr><tr><td>12931</td><td>Norwegian</td><td/></tr><tr><td>12932</td><td>Portuguese</td><td/></tr><tr><td>12933</td><td>Romanian / Rumanian</td><td/></tr><tr><td>12934</td><td>Romany / Gypsy</td><td/></tr><tr><td>12935</td><td>Russian</td><td/></tr><tr><td>12936</td><td>Sardinian</td><td/></tr><tr><td>12937</td><td>Slavic / Slav</td><td/></tr><tr><td>12938</td><td>Slovak</td><td/></tr><tr><td>12939</td><td>Spanish</td><td/></tr><tr><td>12940</td><td>Swedish</td><td/></tr><tr><td>12941</td><td>Swiss</td><td/></tr><tr><td>12942</td><td>Ukrainian</td><td/></tr><tr><td>12943</td><td>American (US)</td><td/></tr><tr><td>12944</td><td>Burgher</td><td/></tr><tr><td>12945</td><td>Canadian</td><td/></tr><tr><td>12946</td><td>Falkland Islander / Kelper</td><td/></tr><tr><td>12947</td><td>New Caledonian</td><td/></tr><tr><td>12948</td><td>South African</td><td/></tr><tr><td>12949</td><td>Afrikaner</td><td/></tr><tr><td>12950</td><td>Zimbabwean</td><td/></tr><tr><td>12999</td><td>European NEC</td><td/></tr><tr><td>21111</td><td>Māori</td><td/></tr><tr><td>30000</td><td>Pacific peoples NFD</td><td/></tr><tr><td>31111</td><td>Samoan</td><td/></tr><tr><td>32100</td><td>Cook Island Māori NFD</td><td/></tr><tr><td>32111</td><td>Aitutaki Islander</td><td/></tr><tr><td>32112</td><td>Atiu Islander</td><td/></tr><tr><td>32113</td><td>Mangaia Islander</td><td/></tr><tr><td>32114</td><td>Manihiki Islander</td><td/></tr><tr><td>32115</td><td>Mauke Islander</td><td/></tr><tr><td>32116</td><td>Mitiaro Islander</td><td/></tr><tr><td>32117</td><td>Palmerston Islander</td><td/></tr><tr><td>32118</td><td>Penrhyn Islander</td><td/></tr><tr><td>32119</td><td>Pukapuka Islander</td><td/></tr><tr><td>32120</td><td>Rakahanga Islander</td><td/></tr><tr><td>32121</td><td>Rarotongan</td><td/></tr><tr><td>33111</td><td>Tongan</td><td/></tr><tr><td>34111</td><td>Niuean</td><td/></tr><tr><td>35111</td><td>Tokelauan</td><td/></tr><tr><td>36111</td><td>Fijian (except Fiji Indian / Indo-Fijian)</td><td/></tr><tr><td>37111</td><td>Admiralty Islander</td><td/></tr><tr><td>37112</td><td>Australian Aboriginal</td><td/></tr><tr><td>37113</td><td>Austral Islander</td><td/></tr><tr><td>37114</td><td>Belau / Palau Islander</td><td/></tr><tr><td>37115</td><td>Bismark Archipelagoan</td><td/></tr><tr><td>37116</td><td>Bougainvillean</td><td/></tr><tr><td>37117</td><td>Caroline Islander</td><td/></tr><tr><td>37118</td><td>Easter Islander</td><td/></tr><tr><td>37119</td><td>Gambier Islander</td><td/></tr><tr><td>37120</td><td>Guadalcanalian</td><td/></tr><tr><td>37121</td><td>Guam Islander / Chamorro</td><td/></tr><tr><td>37122</td><td>Hawaiian</td><td/></tr><tr><td>37123</td><td>Kanaka / Kanak</td><td/></tr><tr><td>37124</td><td>I-Kiribati / Gilbertese</td><td/></tr><tr><td>37125</td><td>Malaitian</td><td/></tr><tr><td>37126</td><td>Manus Islander</td><td/></tr><tr><td>37127</td><td>Marianas Islander</td><td/></tr><tr><td>37128</td><td>Marquesas Islander</td><td/></tr><tr><td>37129</td><td>Marshall Islander</td><td/></tr><tr><td>37130</td><td>Nauru Islander</td><td/></tr><tr><td>37131</td><td>New Britain Islander</td><td/></tr><tr><td>37132</td><td>New Georgian</td><td/></tr><tr><td>37133</td><td>New Irelander</td><td/></tr><tr><td>37134</td><td>Ocean Islander / Banaban</td><td/></tr><tr><td>37135</td><td>Papuan / New Guinean / Irian Jayan</td><td/></tr><tr><td>37136</td><td>Phoenix Islander</td><td/></tr><tr><td>37137</td><td>Pitcairn Islander</td><td/></tr><tr><td>37138</td><td>Rotuman / Rotuman Islander</td><td/></tr><tr><td>37139</td><td>Santa Cruz Islander</td><td/></tr><tr><td>37140</td><td>Society Islander (including Tahitian)</td><td/></tr><tr><td>37141</td><td>Solomon Islander</td><td/></tr><tr><td>37142</td><td>Torres Strait Islander / Thursday Islander</td><td/></tr><tr><td>37143</td><td>Tuamotu Islander</td><td/></tr><tr><td>37144</td><td>Tuvalu Islander / Ellice Islander</td><td/></tr><tr><td>37145</td><td>Vanuatu Islander / New Hebridean</td><td/></tr><tr><td>37146</td><td>Wake Islander</td><td/></tr><tr><td>37147</td><td>Wallis Islander</td><td/></tr><tr><td>37148</td><td>Yap Islander</td><td/></tr><tr><td>37199</td><td>Other Pacific peoples NEC</td><td/></tr><tr><td>40000</td><td>Asian NFD</td><td/></tr><tr><td>41000</td><td>Southeast Asian NFD</td><td/></tr><tr><td>41111</td><td>Filipino</td><td/></tr><tr><td>41211</td><td>Khmer / Kampuchean / Cambodian</td><td/></tr><tr><td>41311</td><td>Vietnamese</td><td/></tr><tr><td>41411</td><td>Burmese</td><td/></tr><tr><td>41412</td><td>Indonesian (including Javanese / Sundanese / Sumatran)</td><td/></tr><tr><td>41413</td><td>Lao / Laotian</td><td/></tr><tr><td>41414</td><td>Malay / Malayan</td><td/></tr><tr><td>41415</td><td>Thai / Tai / Siamese</td><td/></tr><tr><td>41499</td><td>Other Southeast Asian NEC</td><td/></tr><tr><td>42100</td><td>Chinese NFD</td><td/></tr><tr><td>42111</td><td>Hong Kong Chinese</td><td/></tr><tr><td>42112</td><td>Kampuchean Chinese</td><td/></tr><tr><td>42113</td><td>Malaysian Chinese</td><td/></tr><tr><td>42114</td><td>Singaporean Chinese</td><td/></tr><tr><td>42115</td><td>Vietnamese Chinese</td><td/></tr><tr><td>42116</td><td>Taiwanese Chinese</td><td/></tr><tr><td>42199</td><td>Chinese NEC</td><td/></tr><tr><td>43100</td><td>Indian NFD</td><td/></tr><tr><td>43111</td><td>Bengali</td><td/></tr><tr><td>43112</td><td>Fijian Indian / Indo-Fijian</td><td/></tr><tr><td>43113</td><td>Gujarati</td><td/></tr><tr><td>43114</td><td>Tamil</td><td/></tr><tr><td>43115</td><td>Punjabi</td><td/></tr><tr><td>43116</td><td>Sikh</td><td/></tr><tr><td>43117</td><td>Anglo Indian</td><td/></tr><tr><td>43199</td><td>Indian NEC</td><td/></tr><tr><td>44100</td><td>Sri Lankan NFD</td><td/></tr><tr><td>44111</td><td>Sinhalese</td><td/></tr><tr><td>44112</td><td>Sri Lankan Tamil</td><td/></tr><tr><td>44199</td><td>Sri Lankan NEC</td><td/></tr><tr><td>44211</td><td>Japanese</td><td/></tr><tr><td>44311</td><td>Korean</td><td/></tr><tr><td>44411</td><td>Afghani</td><td/></tr><tr><td>44412</td><td>Bangladeshi</td><td/></tr><tr><td>44413</td><td>Nepalese</td><td/></tr><tr><td>44414</td><td>Pakistani</td><td/></tr><tr><td>44415</td><td>Tibetan</td><td/></tr><tr><td>44416</td><td>Eurasian</td><td/></tr><tr><td>44499</td><td>Other Asian NEC</td><td/></tr><tr><td>51100</td><td>Middle Eastern NFD</td><td/></tr><tr><td>51111</td><td>Algerian</td><td/></tr><tr><td>51112</td><td>Arab</td><td/></tr><tr><td>51113</td><td>Assyrian</td><td/></tr><tr><td>51114</td><td>Egyptian</td><td/></tr><tr><td>51115</td><td>Iranian / Persian</td><td/></tr><tr><td>51116</td><td>Iraqi</td><td/></tr><tr><td>51117</td><td>Israeli / Jewish / Hebrew</td><td/></tr><tr><td>51118</td><td>Jordanian</td><td/></tr><tr><td>51119</td><td>Kurd</td><td/></tr><tr><td>51120</td><td>Lebanese</td><td/></tr><tr><td>51121</td><td>Libyan</td><td/></tr><tr><td>51122</td><td>Moroccan</td><td/></tr><tr><td>51123</td><td>Omani</td><td/></tr><tr><td>51124</td><td>Palestinian</td><td/></tr><tr><td>51125</td><td>Syrian</td><td/></tr><tr><td>51126</td><td>Tunisian</td><td/></tr><tr><td>51127</td><td>Turkish (including Turkish Cypriot)</td><td/></tr><tr><td>51128</td><td>Yemeni</td><td/></tr><tr><td>51199</td><td>Middle Eastern NEC</td><td/></tr><tr><td>52100</td><td>Latin American / Hispanic NFD</td><td/></tr><tr><td>52111</td><td>Argentinian</td><td/></tr><tr><td>52112</td><td>Bolivian</td><td/></tr><tr><td>52113</td><td>Brazilian</td><td/></tr><tr><td>52114</td><td>Chilean</td><td/></tr><tr><td>52115</td><td>Colombian</td><td/></tr><tr><td>52116</td><td>Costa Rican</td><td/></tr><tr><td>52117</td><td>Creole (Latin America)</td><td/></tr><tr><td>52118</td><td>Ecuadorian</td><td/></tr><tr><td>52119</td><td>Guatemalan</td><td/></tr><tr><td>52120</td><td>Guyanese</td><td/></tr><tr><td>52121</td><td>Honduran</td><td/></tr><tr><td>52122</td><td>Malvinian (Spanish-speaking Falkland Islander)</td><td/></tr><tr><td>52123</td><td>Mexican</td><td/></tr><tr><td>52124</td><td>Nicaraguan</td><td/></tr><tr><td>52125</td><td>Panamanian</td><td/></tr><tr><td>52126</td><td>Paraguayan</td><td/></tr><tr><td>52127</td><td>Peruvian</td><td/></tr><tr><td>52128</td><td>Puerto Rican</td><td/></tr><tr><td>52129</td><td>Uruguayan</td><td/></tr><tr><td>52130</td><td>Venezuelan</td><td/></tr><tr><td>52199</td><td>Latin American / Hispanic NEC</td><td/></tr><tr><td>53100</td><td>African NFD</td><td/></tr><tr><td>53112</td><td>Creole (US)</td><td/></tr><tr><td>53113</td><td>Jamaican</td><td/></tr><tr><td>53114</td><td>Kenyan</td><td/></tr><tr><td>53115</td><td>Nigerian</td><td/></tr><tr><td>53116</td><td>African American</td><td/></tr><tr><td>53117</td><td>Ugandan</td><td/></tr><tr><td>53118</td><td>West Indian / Caribbean</td><td/></tr><tr><td>53119</td><td>Somali</td><td/></tr><tr><td>53120</td><td>Eritrean</td><td/></tr><tr><td>53121</td><td>Ethiopian</td><td/></tr><tr><td>53122</td><td>Ghanaian</td><td/></tr><tr><td>53199</td><td>Other African NEC</td><td/></tr><tr><td>61111</td><td>Central American Indian</td><td/></tr><tr><td>61112</td><td>Inuit / Eskimo</td><td/></tr><tr><td>61113</td><td>North American Indian</td><td/></tr><tr><td>61114</td><td>South American Indian</td><td/></tr><tr><td>61115</td><td>Mauritian</td><td/></tr><tr><td>61116</td><td>Seychelles Islander</td><td/></tr><tr><td>61117</td><td>South African Coloured</td><td/></tr><tr><td>61118</td><td>New Zealander</td><td/></tr><tr><td>61199</td><td>Other NEC</td><td/></tr><tr><td>94444</td><td>Don't know</td><td/></tr><tr><td>95555</td><td>Refused to answer</td><td/></tr><tr><td>96666</td><td>Repeated Value</td><td/></tr><tr><td>97777</td><td>Response unidentifiable</td><td/></tr><tr><td>98888</td><td>Response Outside Scope</td><td/></tr><tr><td>99999</td><td>Not stated</td><td/></tr></table></li></ul></div>"
  },
  "url": "https://standards.digital.health.nz/valueset/ethnic-group-level-4",
  "version": "1.0.1",
  "name": "NZ Ethnicity Level 4",
  "status": "active",
  "experimental": false,
  "date": "2019-03-07T00:00:00+13:00",
  "publisher": "Patients First Ltd",
  "contact": [
    {
      "telecom": [
        {
          "system": "email",
          "value": "peter.jordan@patientsfirst.org.nz"
        }
      ]
    }
  ],
  "description": "Value Set of all NZ Ethnicity Level 4 Codes",
  "copyright": "© 2010+ New Zealand Crown Copyright",
  "compose": {
    "include": [
      {
        "system": "https://standards.digital.health.nz/codesystem/ethnic-group-level-4",
        "version": "1.0.1",
        "concept": [
          {
            "code": "10000",
            "display": "European NFD"
          },
          {
            "code": "11111",
            "display": "New Zealand European"
          },
          {
            "code": "12100",
            "display": "British NFD"
          },
          {
            "code": "12111",
            "display": "Celtic"
          },
          {
            "code": "12112",
            "display": "Channel Islander"
          },
          {
            "code": "12113",
            "display": "Cornish"
          },
          {
            "code": "12114",
            "display": "English"
          },
          {
            "code": "12115",
            "display": "Gaelic"
          },
          {
            "code": "12116",
            "display": "Irish"
          },
          {
            "code": "12117",
            "display": "Manx"
          },
          {
            "code": "12118",
            "display": "Orkney Islander"
          },
          {
            "code": "12119",
            "display": "Scottish (Scots)"
          },
          {
            "code": "12120",
            "display": "Shetland Islander"
          },
          {
            "code": "12121",
            "display": "Welsh"
          },
          {
            "code": "12199",
            "display": "British NEC"
          },
          {
            "code": "12211",
            "display": "Dutch/Netherlands"
          },
          {
            "code": "12311",
            "display": "Greek (including Greek Cypriot)"
          },
          {
            "code": "12411",
            "display": "Polish"
          },
          {
            "code": "12500",
            "display": "South Slav (formerly Yugoslav groups) NFD"
          },
          {
            "code": "12511",
            "display": "Croat/Croatian"
          },
          {
            "code": "12512",
            "display": "Dalmatian"
          },
          {
            "code": "12513",
            "display": "Macedonian"
          },
          {
            "code": "12514",
            "display": "Serb/Serbian"
          },
          {
            "code": "12515",
            "display": "Slovene/Slovenian"
          },
          {
            "code": "12516",
            "display": "Bosnian"
          },
          {
            "code": "12599",
            "display": "South Slav (formerly Yugoslav groups) NEC"
          },
          {
            "code": "12611",
            "display": "Italian"
          },
          {
            "code": "12711",
            "display": "German"
          },
          {
            "code": "12811",
            "display": "Australian"
          },
          {
            "code": "12911",
            "display": "Albanian"
          },
          {
            "code": "12912",
            "display": "Armenian"
          },
          {
            "code": "12913",
            "display": "Austrian"
          },
          {
            "code": "12914",
            "display": "Belgian"
          },
          {
            "code": "12915",
            "display": "Bulgarian"
          },
          {
            "code": "12916",
            "display": "Belorussian"
          },
          {
            "code": "12917",
            "display": "Corsican"
          },
          {
            "code": "12918",
            "display": "Cypriot Unspecified"
          },
          {
            "code": "12919",
            "display": "Czech"
          },
          {
            "code": "12920",
            "display": "Danish"
          },
          {
            "code": "12921",
            "display": "Estonian"
          },
          {
            "code": "12922",
            "display": "Finnish"
          },
          {
            "code": "12923",
            "display": "Flemish"
          },
          {
            "code": "12924",
            "display": "French"
          },
          {
            "code": "12925",
            "display": "Greenlander"
          },
          {
            "code": "12926",
            "display": "Hungarian"
          },
          {
            "code": "12927",
            "display": "Icelander"
          },
          {
            "code": "12928",
            "display": "Latvian"
          },
          {
            "code": "12929",
            "display": "Lithuanian"
          },
          {
            "code": "12930",
            "display": "Maltese"
          },
          {
            "code": "12931",
            "display": "Norwegian"
          },
          {
            "code": "12932",
            "display": "Portuguese"
          },
          {
            "code": "12933",
            "display": "Romanian / Rumanian"
          },
          {
            "code": "12934",
            "display": "Romany / Gypsy"
          },
          {
            "code": "12935",
            "display": "Russian"
          },
          {
            "code": "12936",
            "display": "Sardinian"
          },
          {
            "code": "12937",
            "display": "Slavic / Slav"
          },
          {
            "code": "12938",
            "display": "Slovak"
          },
          {
            "code": "12939",
            "display": "Spanish"
          },
          {
            "code": "12940",
            "display": "Swedish"
          },
          {
            "code": "12941",
            "display": "Swiss"
          },
          {
            "code": "12942",
            "display": "Ukrainian"
          },
          {
            "code": "12943",
            "display": "American (US)"
          },
          {
            "code": "12944",
            "display": "Burgher"
          },
          {
            "code": "12945",
            "display": "Canadian"
          },
          {
            "code": "12946",
            "display": "Falkland Islander / Kelper"
          },
          {
            "code": "12947",
            "display": "New Caledonian"
          },
          {
            "code": "12948",
            "display": "South African"
          },
          {
            "code": "12949",
            "display": "Afrikaner"
          },
          {
            "code": "12950",
            "display": "Zimbabwean"
          },
          {
            "code": "12999",
            "display": "European NEC"
          },
          {
            "code": "21111",
            "display": "Māori"
          },
          {
            "code": "30000",
            "display": "Pacific peoples NFD"
          },
          {
            "code": "31111",
            "display": "Samoan"
          },
          {
            "code": "32100",
            "display": "Cook Island Māori NFD"
          },
          {
            "code": "32111",
            "display": "Aitutaki Islander"
          },
          {
            "code": "32112",
            "display": "Atiu Islander"
          },
          {
            "code": "32113",
            "display": "Mangaia Islander"
          },
          {
            "code": "32114",
            "display": "Manihiki Islander"
          },
          {
            "code": "32115",
            "display": "Mauke Islander"
          },
          {
            "code": "32116",
            "display": "Mitiaro Islander"
          },
          {
            "code": "32117",
            "display": "Palmerston Islander"
          },
          {
            "code": "32118",
            "display": "Penrhyn Islander"
          },
          {
            "code": "32119",
            "display": "Pukapuka Islander"
          },
          {
            "code": "32120",
            "display": "Rakahanga Islander"
          },
          {
            "code": "32121",
            "display": "Rarotongan"
          },
          {
            "code": "33111",
            "display": "Tongan"
          },
          {
            "code": "34111",
            "display": "Niuean"
          },
          {
            "code": "35111",
            "display": "Tokelauan"
          },
          {
            "code": "36111",
            "display": "Fijian (except Fiji Indian / Indo-Fijian)"
          },
          {
            "code": "37111",
            "display": "Admiralty Islander"
          },
          {
            "code": "37112",
            "display": "Australian Aboriginal"
          },
          {
            "code": "37113",
            "display": "Austral Islander"
          },
          {
            "code": "37114",
            "display": "Belau / Palau Islander"
          },
          {
            "code": "37115",
            "display": "Bismark Archipelagoan"
          },
          {
            "code": "37116",
            "display": "Bougainvillean"
          },
          {
            "code": "37117",
            "display": "Caroline Islander"
          },
          {
            "code": "37118",
            "display": "Easter Islander"
          },
          {
            "code": "37119",
            "display": "Gambier Islander"
          },
          {
            "code": "37120",
            "display": "Guadalcanalian"
          },
          {
            "code": "37121",
            "display": "Guam Islander / Chamorro"
          },
          {
            "code": "37122",
            "display": "Hawaiian"
          },
          {
            "code": "37123",
            "display": "Kanaka / Kanak"
          },
          {
            "code": "37124",
            "display": "I-Kiribati / Gilbertese"
          },
          {
            "code": "37125",
            "display": "Malaitian"
          },
          {
            "code": "37126",
            "display": "Manus Islander"
          },
          {
            "code": "37127",
            "display": "Marianas Islander"
          },
          {
            "code": "37128",
            "display": "Marquesas Islander"
          },
          {
            "code": "37129",
            "display": "Marshall Islander"
          },
          {
            "code": "37130",
            "display": "Nauru Islander"
          },
          {
            "code": "37131",
            "display": "New Britain Islander"
          },
          {
            "code": "37132",
            "display": "New Georgian"
          },
          {
            "code": "37133",
            "display": "New Irelander"
          },
          {
            "code": "37134",
            "display": "Ocean Islander / Banaban"
          },
          {
            "code": "37135",
            "display": "Papuan / New Guinean / Irian Jayan"
          },
          {
            "code": "37136",
            "display": "Phoenix Islander"
          },
          {
            "code": "37137",
            "display": "Pitcairn Islander"
          },
          {
            "code": "37138",
            "display": "Rotuman / Rotuman Islander"
          },
          {
            "code": "37139",
            "display": "Santa Cruz Islander"
          },
          {
            "code": "37140",
            "display": "Society Islander (including Tahitian)"
          },
          {
            "code": "37141",
            "display": "Solomon Islander"
          },
          {
            "code": "37142",
            "display": "Torres Strait Islander / Thursday Islander"
          },
          {
            "code": "37143",
            "display": "Tuamotu Islander"
          },
          {
            "code": "37144",
            "display": "Tuvalu Islander / Ellice Islander"
          },
          {
            "code": "37145",
            "display": "Vanuatu Islander / New Hebridean"
          },
          {
            "code": "37146",
            "display": "Wake Islander"
          },
          {
            "code": "37147",
            "display": "Wallis Islander"
          },
          {
            "code": "37148",
            "display": "Yap Islander"
          },
          {
            "code": "37199",
            "display": "Other Pacific peoples NEC"
          },
          {
            "code": "40000",
            "display": "Asian NFD"
          },
          {
            "code": "41000",
            "display": "Southeast Asian NFD"
          },
          {
            "code": "41111",
            "display": "Filipino"
          },
          {
            "code": "41211",
            "display": "Khmer / Kampuchean / Cambodian"
          },
          {
            "code": "41311",
            "display": "Vietnamese"
          },
          {
            "code": "41411",
            "display": "Burmese"
          },
          {
            "code": "41412",
            "display": "Indonesian (including Javanese / Sundanese / Sumatran)"
          },
          {
            "code": "41413",
            "display": "Lao / Laotian"
          },
          {
            "code": "41414",
            "display": "Malay / Malayan"
          },
          {
            "code": "41415",
            "display": "Thai / Tai / Siamese"
          },
          {
            "code": "41499",
            "display": "Other Southeast Asian NEC"
          },
          {
            "code": "42100",
            "display": "Chinese NFD"
          },
          {
            "code": "42111",
            "display": "Hong Kong Chinese"
          },
          {
            "code": "42112",
            "display": "Kampuchean Chinese"
          },
          {
            "code": "42113",
            "display": "Malaysian Chinese"
          },
          {
            "code": "42114",
            "display": "Singaporean Chinese"
          },
          {
            "code": "42115",
            "display": "Vietnamese Chinese"
          },
          {
            "code": "42116",
            "display": "Taiwanese Chinese"
          },
          {
            "code": "42199",
            "display": "Chinese NEC"
          },
          {
            "code": "43100",
            "display": "Indian NFD"
          },
          {
            "code": "43111",
            "display": "Bengali"
          },
          {
            "code": "43112",
            "display": "Fijian Indian / Indo-Fijian"
          },
          {
            "code": "43113",
            "display": "Gujarati"
          },
          {
            "code": "43114",
            "display": "Tamil"
          },
          {
            "code": "43115",
            "display": "Punjabi"
          },
          {
            "code": "43116",
            "display": "Sikh"
          },
          {
            "code": "43117",
            "display": "Anglo Indian"
          },
          {
            "code": "43199",
            "display": "Indian NEC"
          },
          {
            "code": "44100",
            "display": "Sri Lankan NFD"
          },
          {
            "code": "44111",
            "display": "Sinhalese"
          },
          {
            "code": "44112",
            "display": "Sri Lankan Tamil"
          },
          {
            "code": "44199",
            "display": "Sri Lankan NEC"
          },
          {
            "code": "44211",
            "display": "Japanese"
          },
          {
            "code": "44311",
            "display": "Korean"
          },
          {
            "code": "44411",
            "display": "Afghani"
          },
          {
            "code": "44412",
            "display": "Bangladeshi"
          },
          {
            "code": "44413",
            "display": "Nepalese"
          },
          {
            "code": "44414",
            "display": "Pakistani"
          },
          {
            "code": "44415",
            "display": "Tibetan"
          },
          {
            "code": "44416",
            "display": "Eurasian"
          },
          {
            "code": "44499",
            "display": "Other Asian NEC"
          },
          {
            "code": "51100",
            "display": "Middle Eastern NFD"
          },
          {
            "code": "51111",
            "display": "Algerian"
          },
          {
            "code": "51112",
            "display": "Arab"
          },
          {
            "code": "51113",
            "display": "Assyrian"
          },
          {
            "code": "51114",
            "display": "Egyptian"
          },
          {
            "code": "51115",
            "display": "Iranian / Persian"
          },
          {
            "code": "51116",
            "display": "Iraqi"
          },
          {
            "code": "51117",
            "display": "Israeli / Jewish / Hebrew"
          },
          {
            "code": "51118",
            "display": "Jordanian"
          },
          {
            "code": "51119",
            "display": "Kurd"
          },
          {
            "code": "51120",
            "display": "Lebanese"
          },
          {
            "code": "51121",
            "display": "Libyan"
          },
          {
            "code": "51122",
            "display": "Moroccan"
          },
          {
            "code": "51123",
            "display": "Omani"
          },
          {
            "code": "51124",
            "display": "Palestinian"
          },
          {
            "code": "51125",
            "display": "Syrian"
          },
          {
            "code": "51126",
            "display": "Tunisian"
          },
          {
            "code": "51127",
            "display": "Turkish (including Turkish Cypriot)"
          },
          {
            "code": "51128",
            "display": "Yemeni"
          },
          {
            "code": "51199",
            "display": "Middle Eastern NEC"
          },
          {
            "code": "52100",
            "display": "Latin American / Hispanic NFD"
          },
          {
            "code": "52111",
            "display": "Argentinian"
          },
          {
            "code": "52112",
            "display": "Bolivian"
          },
          {
            "code": "52113",
            "display": "Brazilian"
          },
          {
            "code": "52114",
            "display": "Chilean"
          },
          {
            "code": "52115",
            "display": "Colombian"
          },
          {
            "code": "52116",
            "display": "Costa Rican"
          },
          {
            "code": "52117",
            "display": "Creole (Latin America)"
          },
          {
            "code": "52118",
            "display": "Ecuadorian"
          },
          {
            "code": "52119",
            "display": "Guatemalan"
          },
          {
            "code": "52120",
            "display": "Guyanese"
          },
          {
            "code": "52121",
            "display": "Honduran"
          },
          {
            "code": "52122",
            "display": "Malvinian (Spanish-speaking Falkland Islander)"
          },
          {
            "code": "52123",
            "display": "Mexican"
          },
          {
            "code": "52124",
            "display": "Nicaraguan"
          },
          {
            "code": "52125",
            "display": "Panamanian"
          },
          {
            "code": "52126",
            "display": "Paraguayan"
          },
          {
            "code": "52127",
            "display": "Peruvian"
          },
          {
            "code": "52128",
            "display": "Puerto Rican"
          },
          {
            "code": "52129",
            "display": "Uruguayan"
          },
          {
            "code": "52130",
            "display": "Venezuelan"
          },
          {
            "code": "52199",
            "display": "Latin American / Hispanic NEC"
          },
          {
            "code": "53100",
            "display": "African NFD"
          },
          {
            "code": "53112",
            "display": "Creole (US)"
          },
          {
            "code": "53113",
            "display": "Jamaican"
          },
          {
            "code": "53114",
            "display": "Kenyan"
          },
          {
            "code": "53115",
            "display": "Nigerian"
          },
          {
            "code": "53116",
            "display": "African American"
          },
          {
            "code": "53117",
            "display": "Ugandan"
          },
          {
            "code": "53118",
            "display": "West Indian / Caribbean"
          },
          {
            "code": "53119",
            "display": "Somali"
          },
          {
            "code": "53120",
            "display": "Eritrean"
          },
          {
            "code": "53121",
            "display": "Ethiopian"
          },
          {
            "code": "53122",
            "display": "Ghanaian"
          },
          {
            "code": "53199",
            "display": "Other African NEC"
          },
          {
            "code": "61111",
            "display": "Central American Indian"
          },
          {
            "code": "61112",
            "display": "Inuit / Eskimo"
          },
          {
            "code": "61113",
            "display": "North American Indian"
          },
          {
            "code": "61114",
            "display": "South American Indian"
          },
          {
            "code": "61115",
            "display": "Mauritian"
          },
          {
            "code": "61116",
            "display": "Seychelles Islander"
          },
          {
            "code": "61117",
            "display": "South African Coloured"
          },
          {
            "code": "61118",
            "display": "New Zealander"
          },
          {
            "code": "61199",
            "display": "Other NEC"
          },
          {
            "code": "94444",
            "display": "Don't know"
          },
          {
            "code": "95555",
            "display": "Refused to answer"
          },
          {
            "code": "96666",
            "display": "Repeated Value"
          },
          {
            "code": "97777",
            "display": "Response unidentifiable"
          },
          {
            "code": "98888",
            "display": "Response Outside Scope"
          },
          {
            "code": "99999",
            "display": "Not stated"
          }
        ]
      }
    ]
  }
}