<?xml version="1.0" encoding="UTF-8"?><ValueSet xmlns="http://hl7.org/fhir"><id value="ethnic-group-level-4"/><text><status value="generated"/><div xmlns="http://www.w3.org/1999/xhtml"><h2>NZ Ethnicity Level 4</h2><div><p>Value Set of all NZ Ethnicity Level 4 Codes</p>
</div><p><b>Copyright Statement:</b> &#xA9; 2010+ New Zealand Crown Copyright</p><p>This value set includes codes from the following code systems:</p><ul><li>Include these codes as defined in <a href="CodeSystem-NzEthnicityL4.html"><code>https://standards.digital.health.nz/codesystem/ethnic-group-level-4</code></a><table class="none"><tr><td style="white-space:nowrap"><b>Code</b></td><td><b>Display</b></td></tr><tr><td><a href="CodeSystem-NzEthnicityL4.html#NzEthnicityL4-10000">10000</a></td><td>European NFD</td><td/></tr><tr><td><a href="CodeSystem-NzEthnicityL4.html#NzEthnicityL4-11111">11111</a></td><td>New Zealand European</td><td/></tr><tr><td><a href="CodeSystem-NzEthnicityL4.html#NzEthnicityL4-12100">12100</a></td><td>British NFD</td><td/></tr><tr><td><a href="CodeSystem-NzEthnicityL4.html#NzEthnicityL4-12111">12111</a></td><td>Celtic</td><td/></tr><tr><td><a href="CodeSystem-NzEthnicityL4.html#NzEthnicityL4-12112">12112</a></td><td>Channel Islander</td><td/></tr><tr><td><a href="CodeSystem-NzEthnicityL4.html#NzEthnicityL4-12113">12113</a></td><td>Cornish</td><td/></tr><tr><td><a href="CodeSystem-NzEthnicityL4.html#NzEthnicityL4-12114">12114</a></td><td>English</td><td/></tr><tr><td><a href="CodeSystem-NzEthnicityL4.html#NzEthnicityL4-12115">12115</a></td><td>Gaelic</td><td/></tr><tr><td><a href="CodeSystem-NzEthnicityL4.html#NzEthnicityL4-12116">12116</a></td><td>Irish</td><td/></tr><tr><td><a href="CodeSystem-NzEthnicityL4.html#NzEthnicityL4-12117">12117</a></td><td>Manx</td><td/></tr><tr><td><a href="CodeSystem-NzEthnicityL4.html#NzEthnicityL4-12118">12118</a></td><td>Orkney Islander</td><td/></tr><tr><td><a href="CodeSystem-NzEthnicityL4.html#NzEthnicityL4-12119">12119</a></td><td>Scottish (Scots)</td><td/></tr><tr><td><a href="CodeSystem-NzEthnicityL4.html#NzEthnicityL4-12120">12120</a></td><td>Shetland Islander</td><td/></tr><tr><td><a href="CodeSystem-NzEthnicityL4.html#NzEthnicityL4-12121">12121</a></td><td>Welsh</td><td/></tr><tr><td><a href="CodeSystem-NzEthnicityL4.html#NzEthnicityL4-12199">12199</a></td><td>British NEC</td><td/></tr><tr><td><a href="CodeSystem-NzEthnicityL4.html#NzEthnicityL4-12211">12211</a></td><td>Dutch/Netherlands</td><td/></tr><tr><td><a href="CodeSystem-NzEthnicityL4.html#NzEthnicityL4-12311">12311</a></td><td>Greek (including Greek Cypriot)</td><td/></tr><tr><td><a href="CodeSystem-NzEthnicityL4.html#NzEthnicityL4-12411">12411</a></td><td>Polish</td><td/></tr><tr><td><a href="CodeSystem-NzEthnicityL4.html#NzEthnicityL4-12500">12500</a></td><td>South Slav (formerly Yugoslav groups) NFD</td><td/></tr><tr><td><a href="CodeSystem-NzEthnicityL4.html#NzEthnicityL4-12511">12511</a></td><td>Croat/Croatian</td><td/></tr><tr><td><a href="CodeSystem-NzEthnicityL4.html#NzEthnicityL4-12512">12512</a></td><td>Dalmatian</td><td/></tr><tr><td><a href="CodeSystem-NzEthnicityL4.html#NzEthnicityL4-12513">12513</a></td><td>Macedonian</td><td/></tr><tr><td><a href="CodeSystem-NzEthnicityL4.html#NzEthnicityL4-12514">12514</a></td><td>Serb/Serbian</td><td/></tr><tr><td><a href="CodeSystem-NzEthnicityL4.html#NzEthnicityL4-12515">12515</a></td><td>Slovene/Slovenian</td><td/></tr><tr><td><a href="CodeSystem-NzEthnicityL4.html#NzEthnicityL4-12516">12516</a></td><td>Bosnian</td><td/></tr><tr><td><a href="CodeSystem-NzEthnicityL4.html#NzEthnicityL4-12599">12599</a></td><td>South Slav (formerly Yugoslav groups) NEC</td><td/></tr><tr><td><a href="CodeSystem-NzEthnicityL4.html#NzEthnicityL4-12611">12611</a></td><td>Italian</td><td/></tr><tr><td><a href="CodeSystem-NzEthnicityL4.html#NzEthnicityL4-12711">12711</a></td><td>German</td><td/></tr><tr><td><a href="CodeSystem-NzEthnicityL4.html#NzEthnicityL4-12811">12811</a></td><td>Australian</td><td/></tr><tr><td><a href="CodeSystem-NzEthnicityL4.html#NzEthnicityL4-12911">12911</a></td><td>Albanian</td><td/></tr><tr><td><a href="CodeSystem-NzEthnicityL4.html#NzEthnicityL4-12912">12912</a></td><td>Armenian</td><td/></tr><tr><td><a href="CodeSystem-NzEthnicityL4.html#NzEthnicityL4-12913">12913</a></td><td>Austrian</td><td/></tr><tr><td><a href="CodeSystem-NzEthnicityL4.html#NzEthnicityL4-12914">12914</a></td><td>Belgian</td><td/></tr><tr><td><a href="CodeSystem-NzEthnicityL4.html#NzEthnicityL4-12915">12915</a></td><td>Bulgarian</td><td/></tr><tr><td><a href="CodeSystem-NzEthnicityL4.html#NzEthnicityL4-12916">12916</a></td><td>Belorussian</td><td/></tr><tr><td><a href="CodeSystem-NzEthnicityL4.html#NzEthnicityL4-12917">12917</a></td><td>Corsican</td><td/></tr><tr><td><a href="CodeSystem-NzEthnicityL4.html#NzEthnicityL4-12918">12918</a></td><td>Cypriot Unspecified</td><td/></tr><tr><td><a href="CodeSystem-NzEthnicityL4.html#NzEthnicityL4-12919">12919</a></td><td>Czech</td><td/></tr><tr><td><a href="CodeSystem-NzEthnicityL4.html#NzEthnicityL4-12920">12920</a></td><td>Danish</td><td/></tr><tr><td><a href="CodeSystem-NzEthnicityL4.html#NzEthnicityL4-12921">12921</a></td><td>Estonian</td><td/></tr><tr><td><a href="CodeSystem-NzEthnicityL4.html#NzEthnicityL4-12922">12922</a></td><td>Finnish</td><td/></tr><tr><td><a href="CodeSystem-NzEthnicityL4.html#NzEthnicityL4-12923">12923</a></td><td>Flemish</td><td/></tr><tr><td><a href="CodeSystem-NzEthnicityL4.html#NzEthnicityL4-12924">12924</a></td><td>French</td><td/></tr><tr><td><a href="CodeSystem-NzEthnicityL4.html#NzEthnicityL4-12925">12925</a></td><td>Greenlander</td><td/></tr><tr><td><a href="CodeSystem-NzEthnicityL4.html#NzEthnicityL4-12926">12926</a></td><td>Hungarian</td><td/></tr><tr><td><a href="CodeSystem-NzEthnicityL4.html#NzEthnicityL4-12927">12927</a></td><td>Icelander</td><td/></tr><tr><td><a href="CodeSystem-NzEthnicityL4.html#NzEthnicityL4-12928">12928</a></td><td>Latvian</td><td/></tr><tr><td><a href="CodeSystem-NzEthnicityL4.html#NzEthnicityL4-12929">12929</a></td><td>Lithuanian</td><td/></tr><tr><td><a href="CodeSystem-NzEthnicityL4.html#NzEthnicityL4-12930">12930</a></td><td>Maltese</td><td/></tr><tr><td><a href="CodeSystem-NzEthnicityL4.html#NzEthnicityL4-12931">12931</a></td><td>Norwegian</td><td/></tr><tr><td><a href="CodeSystem-NzEthnicityL4.html#NzEthnicityL4-12932">12932</a></td><td>Portuguese</td><td/></tr><tr><td><a href="CodeSystem-NzEthnicityL4.html#NzEthnicityL4-12933">12933</a></td><td>Romanian / Rumanian</td><td/></tr><tr><td><a href="CodeSystem-NzEthnicityL4.html#NzEthnicityL4-12934">12934</a></td><td>Romany / Gypsy</td><td/></tr><tr><td><a href="CodeSystem-NzEthnicityL4.html#NzEthnicityL4-12935">12935</a></td><td>Russian</td><td/></tr><tr><td><a href="CodeSystem-NzEthnicityL4.html#NzEthnicityL4-12936">12936</a></td><td>Sardinian</td><td/></tr><tr><td><a href="CodeSystem-NzEthnicityL4.html#NzEthnicityL4-12937">12937</a></td><td>Slavic / Slav</td><td/></tr><tr><td><a href="CodeSystem-NzEthnicityL4.html#NzEthnicityL4-12938">12938</a></td><td>Slovak</td><td/></tr><tr><td><a href="CodeSystem-NzEthnicityL4.html#NzEthnicityL4-12939">12939</a></td><td>Spanish</td><td/></tr><tr><td><a href="CodeSystem-NzEthnicityL4.html#NzEthnicityL4-12940">12940</a></td><td>Swedish</td><td/></tr><tr><td><a href="CodeSystem-NzEthnicityL4.html#NzEthnicityL4-12941">12941</a></td><td>Swiss</td><td/></tr><tr><td><a href="CodeSystem-NzEthnicityL4.html#NzEthnicityL4-12942">12942</a></td><td>Ukrainian</td><td/></tr><tr><td><a href="CodeSystem-NzEthnicityL4.html#NzEthnicityL4-12943">12943</a></td><td>American (US)</td><td/></tr><tr><td><a href="CodeSystem-NzEthnicityL4.html#NzEthnicityL4-12944">12944</a></td><td>Burgher</td><td/></tr><tr><td><a href="CodeSystem-NzEthnicityL4.html#NzEthnicityL4-12945">12945</a></td><td>Canadian</td><td/></tr><tr><td><a href="CodeSystem-NzEthnicityL4.html#NzEthnicityL4-12946">12946</a></td><td>Falkland Islander / Kelper</td><td/></tr><tr><td><a href="CodeSystem-NzEthnicityL4.html#NzEthnicityL4-12947">12947</a></td><td>New Caledonian</td><td/></tr><tr><td><a href="CodeSystem-NzEthnicityL4.html#NzEthnicityL4-12948">12948</a></td><td>South African</td><td/></tr><tr><td><a href="CodeSystem-NzEthnicityL4.html#NzEthnicityL4-12949">12949</a></td><td>Afrikaner</td><td/></tr><tr><td><a href="CodeSystem-NzEthnicityL4.html#NzEthnicityL4-12950">12950</a></td><td>Zimbabwean</td><td/></tr><tr><td><a href="CodeSystem-NzEthnicityL4.html#NzEthnicityL4-12999">12999</a></td><td>European NEC</td><td/></tr><tr><td><a href="CodeSystem-NzEthnicityL4.html#NzEthnicityL4-21111">21111</a></td><td>M&#x101;ori</td><td/></tr><tr><td><a href="CodeSystem-NzEthnicityL4.html#NzEthnicityL4-30000">30000</a></td><td>Pacific peoples NFD</td><td/></tr><tr><td><a href="CodeSystem-NzEthnicityL4.html#NzEthnicityL4-31111">31111</a></td><td>Samoan</td><td/></tr><tr><td><a href="CodeSystem-NzEthnicityL4.html#NzEthnicityL4-32100">32100</a></td><td>Cook Island M&#x101;ori NFD</td><td/></tr><tr><td><a href="CodeSystem-NzEthnicityL4.html#NzEthnicityL4-32111">32111</a></td><td>Aitutaki Islander</td><td/></tr><tr><td><a href="CodeSystem-NzEthnicityL4.html#NzEthnicityL4-32112">32112</a></td><td>Atiu Islander</td><td/></tr><tr><td><a href="CodeSystem-NzEthnicityL4.html#NzEthnicityL4-32113">32113</a></td><td>Mangaia Islander</td><td/></tr><tr><td><a href="CodeSystem-NzEthnicityL4.html#NzEthnicityL4-32114">32114</a></td><td>Manihiki Islander</td><td/></tr><tr><td><a href="CodeSystem-NzEthnicityL4.html#NzEthnicityL4-32115">32115</a></td><td>Mauke Islander</td><td/></tr><tr><td><a href="CodeSystem-NzEthnicityL4.html#NzEthnicityL4-32116">32116</a></td><td>Mitiaro Islander</td><td/></tr><tr><td><a href="CodeSystem-NzEthnicityL4.html#NzEthnicityL4-32117">32117</a></td><td>Palmerston Islander</td><td/></tr><tr><td><a href="CodeSystem-NzEthnicityL4.html#NzEthnicityL4-32118">32118</a></td><td>Penrhyn Islander</td><td/></tr><tr><td><a href="CodeSystem-NzEthnicityL4.html#NzEthnicityL4-32119">32119</a></td><td>Pukapuka Islander</td><td/></tr><tr><td><a href="CodeSystem-NzEthnicityL4.html#NzEthnicityL4-32120">32120</a></td><td>Rakahanga Islander</td><td/></tr><tr><td><a href="CodeSystem-NzEthnicityL4.html#NzEthnicityL4-32121">32121</a></td><td>Rarotongan</td><td/></tr><tr><td><a href="CodeSystem-NzEthnicityL4.html#NzEthnicityL4-33111">33111</a></td><td>Tongan</td><td/></tr><tr><td><a href="CodeSystem-NzEthnicityL4.html#NzEthnicityL4-34111">34111</a></td><td>Niuean</td><td/></tr><tr><td><a href="CodeSystem-NzEthnicityL4.html#NzEthnicityL4-35111">35111</a></td><td>Tokelauan</td><td/></tr><tr><td><a href="CodeSystem-NzEthnicityL4.html#NzEthnicityL4-36111">36111</a></td><td>Fijian (except Fiji Indian / Indo-Fijian)</td><td/></tr><tr><td><a href="CodeSystem-NzEthnicityL4.html#NzEthnicityL4-37111">37111</a></td><td>Admiralty Islander</td><td/></tr><tr><td><a href="CodeSystem-NzEthnicityL4.html#NzEthnicityL4-37112">37112</a></td><td>Australian Aboriginal</td><td/></tr><tr><td><a href="CodeSystem-NzEthnicityL4.html#NzEthnicityL4-37113">37113</a></td><td>Austral Islander</td><td/></tr><tr><td><a href="CodeSystem-NzEthnicityL4.html#NzEthnicityL4-37114">37114</a></td><td>Belau / Palau Islander</td><td/></tr><tr><td><a href="CodeSystem-NzEthnicityL4.html#NzEthnicityL4-37115">37115</a></td><td>Bismark Archipelagoan</td><td/></tr><tr><td><a href="CodeSystem-NzEthnicityL4.html#NzEthnicityL4-37116">37116</a></td><td>Bougainvillean</td><td/></tr><tr><td><a href="CodeSystem-NzEthnicityL4.html#NzEthnicityL4-37117">37117</a></td><td>Caroline Islander</td><td/></tr><tr><td><a href="CodeSystem-NzEthnicityL4.html#NzEthnicityL4-37118">37118</a></td><td>Easter Islander</td><td/></tr><tr><td><a href="CodeSystem-NzEthnicityL4.html#NzEthnicityL4-37119">37119</a></td><td>Gambier Islander</td><td/></tr><tr><td><a href="CodeSystem-NzEthnicityL4.html#NzEthnicityL4-37120">37120</a></td><td>Guadalcanalian</td><td/></tr><tr><td><a href="CodeSystem-NzEthnicityL4.html#NzEthnicityL4-37121">37121</a></td><td>Guam Islander / Chamorro</td><td/></tr><tr><td><a href="CodeSystem-NzEthnicityL4.html#NzEthnicityL4-37122">37122</a></td><td>Hawaiian</td><td/></tr><tr><td><a href="CodeSystem-NzEthnicityL4.html#NzEthnicityL4-37123">37123</a></td><td>Kanaka / Kanak</td><td/></tr><tr><td><a href="CodeSystem-NzEthnicityL4.html#NzEthnicityL4-37124">37124</a></td><td>I-Kiribati / Gilbertese</td><td/></tr><tr><td><a href="CodeSystem-NzEthnicityL4.html#NzEthnicityL4-37125">37125</a></td><td>Malaitian</td><td/></tr><tr><td><a href="CodeSystem-NzEthnicityL4.html#NzEthnicityL4-37126">37126</a></td><td>Manus Islander</td><td/></tr><tr><td><a href="CodeSystem-NzEthnicityL4.html#NzEthnicityL4-37127">37127</a></td><td>Marianas Islander</td><td/></tr><tr><td><a href="CodeSystem-NzEthnicityL4.html#NzEthnicityL4-37128">37128</a></td><td>Marquesas Islander</td><td/></tr><tr><td><a href="CodeSystem-NzEthnicityL4.html#NzEthnicityL4-37129">37129</a></td><td>Marshall Islander</td><td/></tr><tr><td><a href="CodeSystem-NzEthnicityL4.html#NzEthnicityL4-37130">37130</a></td><td>Nauru Islander</td><td/></tr><tr><td><a href="CodeSystem-NzEthnicityL4.html#NzEthnicityL4-37131">37131</a></td><td>New Britain Islander</td><td/></tr><tr><td><a href="CodeSystem-NzEthnicityL4.html#NzEthnicityL4-37132">37132</a></td><td>New Georgian</td><td/></tr><tr><td><a href="CodeSystem-NzEthnicityL4.html#NzEthnicityL4-37133">37133</a></td><td>New Irelander</td><td/></tr><tr><td><a href="CodeSystem-NzEthnicityL4.html#NzEthnicityL4-37134">37134</a></td><td>Ocean Islander / Banaban</td><td/></tr><tr><td><a href="CodeSystem-NzEthnicityL4.html#NzEthnicityL4-37135">37135</a></td><td>Papuan / New Guinean / Irian Jayan</td><td/></tr><tr><td><a href="CodeSystem-NzEthnicityL4.html#NzEthnicityL4-37136">37136</a></td><td>Phoenix Islander</td><td/></tr><tr><td><a href="CodeSystem-NzEthnicityL4.html#NzEthnicityL4-37137">37137</a></td><td>Pitcairn Islander</td><td/></tr><tr><td><a href="CodeSystem-NzEthnicityL4.html#NzEthnicityL4-37138">37138</a></td><td>Rotuman / Rotuman Islander</td><td/></tr><tr><td><a href="CodeSystem-NzEthnicityL4.html#NzEthnicityL4-37139">37139</a></td><td>Santa Cruz Islander</td><td/></tr><tr><td><a href="CodeSystem-NzEthnicityL4.html#NzEthnicityL4-37140">37140</a></td><td>Society Islander (including Tahitian)</td><td/></tr><tr><td><a href="CodeSystem-NzEthnicityL4.html#NzEthnicityL4-37141">37141</a></td><td>Solomon Islander</td><td/></tr><tr><td><a href="CodeSystem-NzEthnicityL4.html#NzEthnicityL4-37142">37142</a></td><td>Torres Strait Islander / Thursday Islander</td><td/></tr><tr><td><a href="CodeSystem-NzEthnicityL4.html#NzEthnicityL4-37143">37143</a></td><td>Tuamotu Islander</td><td/></tr><tr><td><a href="CodeSystem-NzEthnicityL4.html#NzEthnicityL4-37144">37144</a></td><td>Tuvalu Islander / Ellice Islander</td><td/></tr><tr><td><a href="CodeSystem-NzEthnicityL4.html#NzEthnicityL4-37145">37145</a></td><td>Vanuatu Islander / New Hebridean</td><td/></tr><tr><td><a href="CodeSystem-NzEthnicityL4.html#NzEthnicityL4-37146">37146</a></td><td>Wake Islander</td><td/></tr><tr><td><a href="CodeSystem-NzEthnicityL4.html#NzEthnicityL4-37147">37147</a></td><td>Wallis Islander</td><td/></tr><tr><td><a href="CodeSystem-NzEthnicityL4.html#NzEthnicityL4-37148">37148</a></td><td>Yap Islander</td><td/></tr><tr><td><a href="CodeSystem-NzEthnicityL4.html#NzEthnicityL4-37199">37199</a></td><td>Other Pacific peoples NEC</td><td/></tr><tr><td><a href="CodeSystem-NzEthnicityL4.html#NzEthnicityL4-40000">40000</a></td><td>Asian NFD</td><td/></tr><tr><td><a href="CodeSystem-NzEthnicityL4.html#NzEthnicityL4-41000">41000</a></td><td>Southeast Asian NFD</td><td/></tr><tr><td><a href="CodeSystem-NzEthnicityL4.html#NzEthnicityL4-41111">41111</a></td><td>Filipino</td><td/></tr><tr><td><a href="CodeSystem-NzEthnicityL4.html#NzEthnicityL4-41211">41211</a></td><td>Khmer / Kampuchean / Cambodian</td><td/></tr><tr><td><a href="CodeSystem-NzEthnicityL4.html#NzEthnicityL4-41311">41311</a></td><td>Vietnamese</td><td/></tr><tr><td><a href="CodeSystem-NzEthnicityL4.html#NzEthnicityL4-41411">41411</a></td><td>Burmese</td><td/></tr><tr><td><a href="CodeSystem-NzEthnicityL4.html#NzEthnicityL4-41412">41412</a></td><td>Indonesian (including Javanese / Sundanese / Sumatran)</td><td/></tr><tr><td><a href="CodeSystem-NzEthnicityL4.html#NzEthnicityL4-41413">41413</a></td><td>Lao / Laotian</td><td/></tr><tr><td><a href="CodeSystem-NzEthnicityL4.html#NzEthnicityL4-41414">41414</a></td><td>Malay / Malayan</td><td/></tr><tr><td><a href="CodeSystem-NzEthnicityL4.html#NzEthnicityL4-41415">41415</a></td><td>Thai / Tai / Siamese</td><td/></tr><tr><td><a href="CodeSystem-NzEthnicityL4.html#NzEthnicityL4-41499">41499</a></td><td>Other Southeast Asian NEC</td><td/></tr><tr><td><a href="CodeSystem-NzEthnicityL4.html#NzEthnicityL4-42100">42100</a></td><td>Chinese NFD</td><td/></tr><tr><td><a href="CodeSystem-NzEthnicityL4.html#NzEthnicityL4-42111">42111</a></td><td>Hong Kong Chinese</td><td/></tr><tr><td><a href="CodeSystem-NzEthnicityL4.html#NzEthnicityL4-42112">42112</a></td><td>Kampuchean Chinese</td><td/></tr><tr><td><a href="CodeSystem-NzEthnicityL4.html#NzEthnicityL4-42113">42113</a></td><td>Malaysian Chinese</td><td/></tr><tr><td><a href="CodeSystem-NzEthnicityL4.html#NzEthnicityL4-42114">42114</a></td><td>Singaporean Chinese</td><td/></tr><tr><td><a href="CodeSystem-NzEthnicityL4.html#NzEthnicityL4-42115">42115</a></td><td>Vietnamese Chinese</td><td/></tr><tr><td><a href="CodeSystem-NzEthnicityL4.html#NzEthnicityL4-42116">42116</a></td><td>Taiwanese Chinese</td><td/></tr><tr><td><a href="CodeSystem-NzEthnicityL4.html#NzEthnicityL4-42199">42199</a></td><td>Chinese NEC</td><td/></tr><tr><td><a href="CodeSystem-NzEthnicityL4.html#NzEthnicityL4-43100">43100</a></td><td>Indian NFD</td><td/></tr><tr><td><a href="CodeSystem-NzEthnicityL4.html#NzEthnicityL4-43111">43111</a></td><td>Bengali</td><td/></tr><tr><td><a href="CodeSystem-NzEthnicityL4.html#NzEthnicityL4-43112">43112</a></td><td>Fijian Indian / Indo-Fijian</td><td/></tr><tr><td><a href="CodeSystem-NzEthnicityL4.html#NzEthnicityL4-43113">43113</a></td><td>Gujarati</td><td/></tr><tr><td><a href="CodeSystem-NzEthnicityL4.html#NzEthnicityL4-43114">43114</a></td><td>Tamil</td><td/></tr><tr><td><a href="CodeSystem-NzEthnicityL4.html#NzEthnicityL4-43115">43115</a></td><td>Punjabi</td><td/></tr><tr><td><a href="CodeSystem-NzEthnicityL4.html#NzEthnicityL4-43116">43116</a></td><td>Sikh</td><td/></tr><tr><td><a href="CodeSystem-NzEthnicityL4.html#NzEthnicityL4-43117">43117</a></td><td>Anglo Indian</td><td/></tr><tr><td><a href="CodeSystem-NzEthnicityL4.html#NzEthnicityL4-43199">43199</a></td><td>Indian NEC</td><td/></tr><tr><td><a href="CodeSystem-NzEthnicityL4.html#NzEthnicityL4-44100">44100</a></td><td>Sri Lankan NFD</td><td/></tr><tr><td><a href="CodeSystem-NzEthnicityL4.html#NzEthnicityL4-44111">44111</a></td><td>Sinhalese</td><td/></tr><tr><td><a href="CodeSystem-NzEthnicityL4.html#NzEthnicityL4-44112">44112</a></td><td>Sri Lankan Tamil</td><td/></tr><tr><td><a href="CodeSystem-NzEthnicityL4.html#NzEthnicityL4-44199">44199</a></td><td>Sri Lankan NEC</td><td/></tr><tr><td><a href="CodeSystem-NzEthnicityL4.html#NzEthnicityL4-44211">44211</a></td><td>Japanese</td><td/></tr><tr><td><a href="CodeSystem-NzEthnicityL4.html#NzEthnicityL4-44311">44311</a></td><td>Korean</td><td/></tr><tr><td><a href="CodeSystem-NzEthnicityL4.html#NzEthnicityL4-44411">44411</a></td><td>Afghani</td><td/></tr><tr><td><a href="CodeSystem-NzEthnicityL4.html#NzEthnicityL4-44412">44412</a></td><td>Bangladeshi</td><td/></tr><tr><td><a href="CodeSystem-NzEthnicityL4.html#NzEthnicityL4-44413">44413</a></td><td>Nepalese</td><td/></tr><tr><td><a href="CodeSystem-NzEthnicityL4.html#NzEthnicityL4-44414">44414</a></td><td>Pakistani</td><td/></tr><tr><td><a href="CodeSystem-NzEthnicityL4.html#NzEthnicityL4-44415">44415</a></td><td>Tibetan</td><td/></tr><tr><td><a href="CodeSystem-NzEthnicityL4.html#NzEthnicityL4-44416">44416</a></td><td>Eurasian</td><td/></tr><tr><td><a href="CodeSystem-NzEthnicityL4.html#NzEthnicityL4-44499">44499</a></td><td>Other Asian NEC</td><td/></tr><tr><td><a href="CodeSystem-NzEthnicityL4.html#NzEthnicityL4-51100">51100</a></td><td>Middle Eastern NFD</td><td/></tr><tr><td><a href="CodeSystem-NzEthnicityL4.html#NzEthnicityL4-51111">51111</a></td><td>Algerian</td><td/></tr><tr><td><a href="CodeSystem-NzEthnicityL4.html#NzEthnicityL4-51112">51112</a></td><td>Arab</td><td/></tr><tr><td><a href="CodeSystem-NzEthnicityL4.html#NzEthnicityL4-51113">51113</a></td><td>Assyrian</td><td/></tr><tr><td><a href="CodeSystem-NzEthnicityL4.html#NzEthnicityL4-51114">51114</a></td><td>Egyptian</td><td/></tr><tr><td><a href="CodeSystem-NzEthnicityL4.html#NzEthnicityL4-51115">51115</a></td><td>Iranian / Persian</td><td/></tr><tr><td><a href="CodeSystem-NzEthnicityL4.html#NzEthnicityL4-51116">51116</a></td><td>Iraqi</td><td/></tr><tr><td><a href="CodeSystem-NzEthnicityL4.html#NzEthnicityL4-51117">51117</a></td><td>Israeli / Jewish / Hebrew</td><td/></tr><tr><td><a href="CodeSystem-NzEthnicityL4.html#NzEthnicityL4-51118">51118</a></td><td>Jordanian</td><td/></tr><tr><td><a href="CodeSystem-NzEthnicityL4.html#NzEthnicityL4-51119">51119</a></td><td>Kurd</td><td/></tr><tr><td><a href="CodeSystem-NzEthnicityL4.html#NzEthnicityL4-51120">51120</a></td><td>Lebanese</td><td/></tr><tr><td><a href="CodeSystem-NzEthnicityL4.html#NzEthnicityL4-51121">51121</a></td><td>Libyan</td><td/></tr><tr><td><a href="CodeSystem-NzEthnicityL4.html#NzEthnicityL4-51122">51122</a></td><td>Moroccan</td><td/></tr><tr><td><a href="CodeSystem-NzEthnicityL4.html#NzEthnicityL4-51123">51123</a></td><td>Omani</td><td/></tr><tr><td><a href="CodeSystem-NzEthnicityL4.html#NzEthnicityL4-51124">51124</a></td><td>Palestinian</td><td/></tr><tr><td><a href="CodeSystem-NzEthnicityL4.html#NzEthnicityL4-51125">51125</a></td><td>Syrian</td><td/></tr><tr><td><a href="CodeSystem-NzEthnicityL4.html#NzEthnicityL4-51126">51126</a></td><td>Tunisian</td><td/></tr><tr><td><a href="CodeSystem-NzEthnicityL4.html#NzEthnicityL4-51127">51127</a></td><td>Turkish (including Turkish Cypriot)</td><td/></tr><tr><td><a href="CodeSystem-NzEthnicityL4.html#NzEthnicityL4-51128">51128</a></td><td>Yemeni</td><td/></tr><tr><td><a href="CodeSystem-NzEthnicityL4.html#NzEthnicityL4-51199">51199</a></td><td>Middle Eastern NEC</td><td/></tr><tr><td><a href="CodeSystem-NzEthnicityL4.html#NzEthnicityL4-52100">52100</a></td><td>Latin American / Hispanic NFD</td><td/></tr><tr><td><a href="CodeSystem-NzEthnicityL4.html#NzEthnicityL4-52111">52111</a></td><td>Argentinian</td><td/></tr><tr><td><a href="CodeSystem-NzEthnicityL4.html#NzEthnicityL4-52112">52112</a></td><td>Bolivian</td><td/></tr><tr><td><a href="CodeSystem-NzEthnicityL4.html#NzEthnicityL4-52113">52113</a></td><td>Brazilian</td><td/></tr><tr><td><a href="CodeSystem-NzEthnicityL4.html#NzEthnicityL4-52114">52114</a></td><td>Chilean</td><td/></tr><tr><td><a href="CodeSystem-NzEthnicityL4.html#NzEthnicityL4-52115">52115</a></td><td>Colombian</td><td/></tr><tr><td><a href="CodeSystem-NzEthnicityL4.html#NzEthnicityL4-52116">52116</a></td><td>Costa Rican</td><td/></tr><tr><td><a href="CodeSystem-NzEthnicityL4.html#NzEthnicityL4-52117">52117</a></td><td>Creole (Latin America)</td><td/></tr><tr><td><a href="CodeSystem-NzEthnicityL4.html#NzEthnicityL4-52118">52118</a></td><td>Ecuadorian</td><td/></tr><tr><td><a href="CodeSystem-NzEthnicityL4.html#NzEthnicityL4-52119">52119</a></td><td>Guatemalan</td><td/></tr><tr><td><a href="CodeSystem-NzEthnicityL4.html#NzEthnicityL4-52120">52120</a></td><td>Guyanese</td><td/></tr><tr><td><a href="CodeSystem-NzEthnicityL4.html#NzEthnicityL4-52121">52121</a></td><td>Honduran</td><td/></tr><tr><td><a href="CodeSystem-NzEthnicityL4.html#NzEthnicityL4-52122">52122</a></td><td>Malvinian (Spanish-speaking Falkland Islander)</td><td/></tr><tr><td><a href="CodeSystem-NzEthnicityL4.html#NzEthnicityL4-52123">52123</a></td><td>Mexican</td><td/></tr><tr><td><a href="CodeSystem-NzEthnicityL4.html#NzEthnicityL4-52124">52124</a></td><td>Nicaraguan</td><td/></tr><tr><td><a href="CodeSystem-NzEthnicityL4.html#NzEthnicityL4-52125">52125</a></td><td>Panamanian</td><td/></tr><tr><td><a href="CodeSystem-NzEthnicityL4.html#NzEthnicityL4-52126">52126</a></td><td>Paraguayan</td><td/></tr><tr><td><a href="CodeSystem-NzEthnicityL4.html#NzEthnicityL4-52127">52127</a></td><td>Peruvian</td><td/></tr><tr><td><a href="CodeSystem-NzEthnicityL4.html#NzEthnicityL4-52128">52128</a></td><td>Puerto Rican</td><td/></tr><tr><td><a href="CodeSystem-NzEthnicityL4.html#NzEthnicityL4-52129">52129</a></td><td>Uruguayan</td><td/></tr><tr><td><a href="CodeSystem-NzEthnicityL4.html#NzEthnicityL4-52130">52130</a></td><td>Venezuelan</td><td/></tr><tr><td><a href="CodeSystem-NzEthnicityL4.html#NzEthnicityL4-52199">52199</a></td><td>Latin American / Hispanic NEC</td><td/></tr><tr><td><a href="CodeSystem-NzEthnicityL4.html#NzEthnicityL4-53100">53100</a></td><td>African NFD</td><td/></tr><tr><td><a href="CodeSystem-NzEthnicityL4.html#NzEthnicityL4-53112">53112</a></td><td>Creole (US)</td><td/></tr><tr><td><a href="CodeSystem-NzEthnicityL4.html#NzEthnicityL4-53113">53113</a></td><td>Jamaican</td><td/></tr><tr><td><a href="CodeSystem-NzEthnicityL4.html#NzEthnicityL4-53114">53114</a></td><td>Kenyan</td><td/></tr><tr><td><a href="CodeSystem-NzEthnicityL4.html#NzEthnicityL4-53115">53115</a></td><td>Nigerian</td><td/></tr><tr><td><a href="CodeSystem-NzEthnicityL4.html#NzEthnicityL4-53116">53116</a></td><td>African American</td><td/></tr><tr><td><a href="CodeSystem-NzEthnicityL4.html#NzEthnicityL4-53117">53117</a></td><td>Ugandan</td><td/></tr><tr><td><a href="CodeSystem-NzEthnicityL4.html#NzEthnicityL4-53118">53118</a></td><td>West Indian / Caribbean</td><td/></tr><tr><td><a href="CodeSystem-NzEthnicityL4.html#NzEthnicityL4-53119">53119</a></td><td>Somali</td><td/></tr><tr><td><a href="CodeSystem-NzEthnicityL4.html#NzEthnicityL4-53120">53120</a></td><td>Eritrean</td><td/></tr><tr><td><a href="CodeSystem-NzEthnicityL4.html#NzEthnicityL4-53121">53121</a></td><td>Ethiopian</td><td/></tr><tr><td><a href="CodeSystem-NzEthnicityL4.html#NzEthnicityL4-53122">53122</a></td><td>Ghanaian</td><td/></tr><tr><td><a href="CodeSystem-NzEthnicityL4.html#NzEthnicityL4-53199">53199</a></td><td>Other African NEC</td><td/></tr><tr><td><a href="CodeSystem-NzEthnicityL4.html#NzEthnicityL4-61111">61111</a></td><td>Central American Indian</td><td/></tr><tr><td><a href="CodeSystem-NzEthnicityL4.html#NzEthnicityL4-61112">61112</a></td><td>Inuit / Eskimo</td><td/></tr><tr><td><a href="CodeSystem-NzEthnicityL4.html#NzEthnicityL4-61113">61113</a></td><td>North American Indian</td><td/></tr><tr><td><a href="CodeSystem-NzEthnicityL4.html#NzEthnicityL4-61114">61114</a></td><td>South American Indian</td><td/></tr><tr><td><a href="CodeSystem-NzEthnicityL4.html#NzEthnicityL4-61115">61115</a></td><td>Mauritian</td><td/></tr><tr><td><a href="CodeSystem-NzEthnicityL4.html#NzEthnicityL4-61116">61116</a></td><td>Seychelles Islander</td><td/></tr><tr><td><a href="CodeSystem-NzEthnicityL4.html#NzEthnicityL4-61117">61117</a></td><td>South African Coloured</td><td/></tr><tr><td><a href="CodeSystem-NzEthnicityL4.html#NzEthnicityL4-61118">61118</a></td><td>New Zealander</td><td/></tr><tr><td><a href="CodeSystem-NzEthnicityL4.html#NzEthnicityL4-61199">61199</a></td><td>Other NEC</td><td/></tr><tr><td><a href="CodeSystem-NzEthnicityL4.html#NzEthnicityL4-94444">94444</a></td><td>Don&#39;t know</td><td/></tr><tr><td><a href="CodeSystem-NzEthnicityL4.html#NzEthnicityL4-95555">95555</a></td><td>Refused to answer</td><td/></tr><tr><td><a href="CodeSystem-NzEthnicityL4.html#NzEthnicityL4-96666">96666</a></td><td>Repeated Value</td><td/></tr><tr><td><a href="CodeSystem-NzEthnicityL4.html#NzEthnicityL4-97777">97777</a></td><td>Response unidentifiable</td><td/></tr><tr><td><a href="CodeSystem-NzEthnicityL4.html#NzEthnicityL4-98888">98888</a></td><td>Response Outside Scope</td><td/></tr><tr><td><a href="CodeSystem-NzEthnicityL4.html#NzEthnicityL4-99999">99999</a></td><td>Not stated</td><td/></tr></table></li></ul></div></text><url value="https://standards.digital.health.nz/valueset/ethnic-group-level-4"/><version value="1.0.1"/><name value="NZ Ethnicity Level 4"/><status value="active"/><experimental value="false"/><date value="2019-03-07T00:00:00+13:00"/><publisher value="Patients First Ltd"/><contact><telecom><system value="email"/><value value="peter.jordan@patientsfirst.org.nz"/></telecom></contact><description value="Value Set of all NZ Ethnicity Level 4 Codes"/><copyright value="&#xA9; 2010+ New Zealand Crown Copyright"/><compose><include><system value="https://standards.digital.health.nz/codesystem/ethnic-group-level-4"/><version value="1.0.1"/><concept><code value="10000"/><display value="European NFD"/></concept><concept><code value="11111"/><display value="New Zealand European"/></concept><concept><code value="12100"/><display value="British NFD"/></concept><concept><code value="12111"/><display value="Celtic"/></concept><concept><code value="12112"/><display value="Channel Islander"/></concept><concept><code value="12113"/><display value="Cornish"/></concept><concept><code value="12114"/><display value="English"/></concept><concept><code value="12115"/><display value="Gaelic"/></concept><concept><code value="12116"/><display value="Irish"/></concept><concept><code value="12117"/><display value="Manx"/></concept><concept><code value="12118"/><display value="Orkney Islander"/></concept><concept><code value="12119"/><display value="Scottish (Scots)"/></concept><concept><code value="12120"/><display value="Shetland Islander"/></concept><concept><code value="12121"/><display value="Welsh"/></concept><concept><code value="12199"/><display value="British NEC"/></concept><concept><code value="12211"/><display value="Dutch/Netherlands"/></concept><concept><code value="12311"/><display value="Greek (including Greek Cypriot)"/></concept><concept><code value="12411"/><display value="Polish"/></concept><concept><code value="12500"/><display value="South Slav (formerly Yugoslav groups) NFD"/></concept><concept><code value="12511"/><display value="Croat/Croatian"/></concept><concept><code value="12512"/><display value="Dalmatian"/></concept><concept><code value="12513"/><display value="Macedonian"/></concept><concept><code value="12514"/><display value="Serb/Serbian"/></concept><concept><code value="12515"/><display value="Slovene/Slovenian"/></concept><concept><code value="12516"/><display value="Bosnian"/></concept><concept><code value="12599"/><display value="South Slav (formerly Yugoslav groups) NEC"/></concept><concept><code value="12611"/><display value="Italian"/></concept><concept><code value="12711"/><display value="German"/></concept><concept><code value="12811"/><display value="Australian"/></concept><concept><code value="12911"/><display value="Albanian"/></concept><concept><code value="12912"/><display value="Armenian"/></concept><concept><code value="12913"/><display value="Austrian"/></concept><concept><code value="12914"/><display value="Belgian"/></concept><concept><code value="12915"/><display value="Bulgarian"/></concept><concept><code value="12916"/><display value="Belorussian"/></concept><concept><code value="12917"/><display value="Corsican"/></concept><concept><code value="12918"/><display value="Cypriot Unspecified"/></concept><concept><code value="12919"/><display value="Czech"/></concept><concept><code value="12920"/><display value="Danish"/></concept><concept><code value="12921"/><display value="Estonian"/></concept><concept><code value="12922"/><display value="Finnish"/></concept><concept><code value="12923"/><display value="Flemish"/></concept><concept><code value="12924"/><display value="French"/></concept><concept><code value="12925"/><display value="Greenlander"/></concept><concept><code value="12926"/><display value="Hungarian"/></concept><concept><code value="12927"/><display value="Icelander"/></concept><concept><code value="12928"/><display value="Latvian"/></concept><concept><code value="12929"/><display value="Lithuanian"/></concept><concept><code value="12930"/><display value="Maltese"/></concept><concept><code value="12931"/><display value="Norwegian"/></concept><concept><code value="12932"/><display value="Portuguese"/></concept><concept><code value="12933"/><display value="Romanian / Rumanian"/></concept><concept><code value="12934"/><display value="Romany / Gypsy"/></concept><concept><code value="12935"/><display value="Russian"/></concept><concept><code value="12936"/><display value="Sardinian"/></concept><concept><code value="12937"/><display value="Slavic / Slav"/></concept><concept><code value="12938"/><display value="Slovak"/></concept><concept><code value="12939"/><display value="Spanish"/></concept><concept><code value="12940"/><display value="Swedish"/></concept><concept><code value="12941"/><display value="Swiss"/></concept><concept><code value="12942"/><display value="Ukrainian"/></concept><concept><code value="12943"/><display value="American (US)"/></concept><concept><code value="12944"/><display value="Burgher"/></concept><concept><code value="12945"/><display value="Canadian"/></concept><concept><code value="12946"/><display value="Falkland Islander / Kelper"/></concept><concept><code value="12947"/><display value="New Caledonian"/></concept><concept><code value="12948"/><display value="South African"/></concept><concept><code value="12949"/><display value="Afrikaner"/></concept><concept><code value="12950"/><display value="Zimbabwean"/></concept><concept><code value="12999"/><display value="European NEC"/></concept><concept><code value="21111"/><display value="M&#x101;ori"/></concept><concept><code value="30000"/><display value="Pacific peoples NFD"/></concept><concept><code value="31111"/><display value="Samoan"/></concept><concept><code value="32100"/><display value="Cook Island M&#x101;ori NFD"/></concept><concept><code value="32111"/><display value="Aitutaki Islander"/></concept><concept><code value="32112"/><display value="Atiu Islander"/></concept><concept><code value="32113"/><display value="Mangaia Islander"/></concept><concept><code value="32114"/><display value="Manihiki Islander"/></concept><concept><code value="32115"/><display value="Mauke Islander"/></concept><concept><code value="32116"/><display value="Mitiaro Islander"/></concept><concept><code value="32117"/><display value="Palmerston Islander"/></concept><concept><code value="32118"/><display value="Penrhyn Islander"/></concept><concept><code value="32119"/><display value="Pukapuka Islander"/></concept><concept><code value="32120"/><display value="Rakahanga Islander"/></concept><concept><code value="32121"/><display value="Rarotongan"/></concept><concept><code value="33111"/><display value="Tongan"/></concept><concept><code value="34111"/><display value="Niuean"/></concept><concept><code value="35111"/><display value="Tokelauan"/></concept><concept><code value="36111"/><display value="Fijian (except Fiji Indian / Indo-Fijian)"/></concept><concept><code value="37111"/><display value="Admiralty Islander"/></concept><concept><code value="37112"/><display value="Australian Aboriginal"/></concept><concept><code value="37113"/><display value="Austral Islander"/></concept><concept><code value="37114"/><display value="Belau / Palau Islander"/></concept><concept><code value="37115"/><display value="Bismark Archipelagoan"/></concept><concept><code value="37116"/><display value="Bougainvillean"/></concept><concept><code value="37117"/><display value="Caroline Islander"/></concept><concept><code value="37118"/><display value="Easter Islander"/></concept><concept><code value="37119"/><display value="Gambier Islander"/></concept><concept><code value="37120"/><display value="Guadalcanalian"/></concept><concept><code value="37121"/><display value="Guam Islander / Chamorro"/></concept><concept><code value="37122"/><display value="Hawaiian"/></concept><concept><code value="37123"/><display value="Kanaka / Kanak"/></concept><concept><code value="37124"/><display value="I-Kiribati / Gilbertese"/></concept><concept><code value="37125"/><display value="Malaitian"/></concept><concept><code value="37126"/><display value="Manus Islander"/></concept><concept><code value="37127"/><display value="Marianas Islander"/></concept><concept><code value="37128"/><display value="Marquesas Islander"/></concept><concept><code value="37129"/><display value="Marshall Islander"/></concept><concept><code value="37130"/><display value="Nauru Islander"/></concept><concept><code value="37131"/><display value="New Britain Islander"/></concept><concept><code value="37132"/><display value="New Georgian"/></concept><concept><code value="37133"/><display value="New Irelander"/></concept><concept><code value="37134"/><display value="Ocean Islander / Banaban"/></concept><concept><code value="37135"/><display value="Papuan / New Guinean / Irian Jayan"/></concept><concept><code value="37136"/><display value="Phoenix Islander"/></concept><concept><code value="37137"/><display value="Pitcairn Islander"/></concept><concept><code value="37138"/><display value="Rotuman / Rotuman Islander"/></concept><concept><code value="37139"/><display value="Santa Cruz Islander"/></concept><concept><code value="37140"/><display value="Society Islander (including Tahitian)"/></concept><concept><code value="37141"/><display value="Solomon Islander"/></concept><concept><code value="37142"/><display value="Torres Strait Islander / Thursday Islander"/></concept><concept><code value="37143"/><display value="Tuamotu Islander"/></concept><concept><code value="37144"/><display value="Tuvalu Islander / Ellice Islander"/></concept><concept><code value="37145"/><display value="Vanuatu Islander / New Hebridean"/></concept><concept><code value="37146"/><display value="Wake Islander"/></concept><concept><code value="37147"/><display value="Wallis Islander"/></concept><concept><code value="37148"/><display value="Yap Islander"/></concept><concept><code value="37199"/><display value="Other Pacific peoples NEC"/></concept><concept><code value="40000"/><display value="Asian NFD"/></concept><concept><code value="41000"/><display value="Southeast Asian NFD"/></concept><concept><code value="41111"/><display value="Filipino"/></concept><concept><code value="41211"/><display value="Khmer / Kampuchean / Cambodian"/></concept><concept><code value="41311"/><display value="Vietnamese"/></concept><concept><code value="41411"/><display value="Burmese"/></concept><concept><code value="41412"/><display value="Indonesian (including Javanese / Sundanese / Sumatran)"/></concept><concept><code value="41413"/><display value="Lao / Laotian"/></concept><concept><code value="41414"/><display value="Malay / Malayan"/></concept><concept><code value="41415"/><display value="Thai / Tai / Siamese"/></concept><concept><code value="41499"/><display value="Other Southeast Asian NEC"/></concept><concept><code value="42100"/><display value="Chinese NFD"/></concept><concept><code value="42111"/><display value="Hong Kong Chinese"/></concept><concept><code value="42112"/><display value="Kampuchean Chinese"/></concept><concept><code value="42113"/><display value="Malaysian Chinese"/></concept><concept><code value="42114"/><display value="Singaporean Chinese"/></concept><concept><code value="42115"/><display value="Vietnamese Chinese"/></concept><concept><code value="42116"/><display value="Taiwanese Chinese"/></concept><concept><code value="42199"/><display value="Chinese NEC"/></concept><concept><code value="43100"/><display value="Indian NFD"/></concept><concept><code value="43111"/><display value="Bengali"/></concept><concept><code value="43112"/><display value="Fijian Indian / Indo-Fijian"/></concept><concept><code value="43113"/><display value="Gujarati"/></concept><concept><code value="43114"/><display value="Tamil"/></concept><concept><code value="43115"/><display value="Punjabi"/></concept><concept><code value="43116"/><display value="Sikh"/></concept><concept><code value="43117"/><display value="Anglo Indian"/></concept><concept><code value="43199"/><display value="Indian NEC"/></concept><concept><code value="44100"/><display value="Sri Lankan NFD"/></concept><concept><code value="44111"/><display value="Sinhalese"/></concept><concept><code value="44112"/><display value="Sri Lankan Tamil"/></concept><concept><code value="44199"/><display value="Sri Lankan NEC"/></concept><concept><code value="44211"/><display value="Japanese"/></concept><concept><code value="44311"/><display value="Korean"/></concept><concept><code value="44411"/><display value="Afghani"/></concept><concept><code value="44412"/><display value="Bangladeshi"/></concept><concept><code value="44413"/><display value="Nepalese"/></concept><concept><code value="44414"/><display value="Pakistani"/></concept><concept><code value="44415"/><display value="Tibetan"/></concept><concept><code value="44416"/><display value="Eurasian"/></concept><concept><code value="44499"/><display value="Other Asian NEC"/></concept><concept><code value="51100"/><display value="Middle Eastern NFD"/></concept><concept><code value="51111"/><display value="Algerian"/></concept><concept><code value="51112"/><display value="Arab"/></concept><concept><code value="51113"/><display value="Assyrian"/></concept><concept><code value="51114"/><display value="Egyptian"/></concept><concept><code value="51115"/><display value="Iranian / Persian"/></concept><concept><code value="51116"/><display value="Iraqi"/></concept><concept><code value="51117"/><display value="Israeli / Jewish / Hebrew"/></concept><concept><code value="51118"/><display value="Jordanian"/></concept><concept><code value="51119"/><display value="Kurd"/></concept><concept><code value="51120"/><display value="Lebanese"/></concept><concept><code value="51121"/><display value="Libyan"/></concept><concept><code value="51122"/><display value="Moroccan"/></concept><concept><code value="51123"/><display value="Omani"/></concept><concept><code value="51124"/><display value="Palestinian"/></concept><concept><code value="51125"/><display value="Syrian"/></concept><concept><code value="51126"/><display value="Tunisian"/></concept><concept><code value="51127"/><display value="Turkish (including Turkish Cypriot)"/></concept><concept><code value="51128"/><display value="Yemeni"/></concept><concept><code value="51199"/><display value="Middle Eastern NEC"/></concept><concept><code value="52100"/><display value="Latin American / Hispanic NFD"/></concept><concept><code value="52111"/><display value="Argentinian"/></concept><concept><code value="52112"/><display value="Bolivian"/></concept><concept><code value="52113"/><display value="Brazilian"/></concept><concept><code value="52114"/><display value="Chilean"/></concept><concept><code value="52115"/><display value="Colombian"/></concept><concept><code value="52116"/><display value="Costa Rican"/></concept><concept><code value="52117"/><display value="Creole (Latin America)"/></concept><concept><code value="52118"/><display value="Ecuadorian"/></concept><concept><code value="52119"/><display value="Guatemalan"/></concept><concept><code value="52120"/><display value="Guyanese"/></concept><concept><code value="52121"/><display value="Honduran"/></concept><concept><code value="52122"/><display value="Malvinian (Spanish-speaking Falkland Islander)"/></concept><concept><code value="52123"/><display value="Mexican"/></concept><concept><code value="52124"/><display value="Nicaraguan"/></concept><concept><code value="52125"/><display value="Panamanian"/></concept><concept><code value="52126"/><display value="Paraguayan"/></concept><concept><code value="52127"/><display value="Peruvian"/></concept><concept><code value="52128"/><display value="Puerto Rican"/></concept><concept><code value="52129"/><display value="Uruguayan"/></concept><concept><code value="52130"/><display value="Venezuelan"/></concept><concept><code value="52199"/><display value="Latin American / Hispanic NEC"/></concept><concept><code value="53100"/><display value="African NFD"/></concept><concept><code value="53112"/><display value="Creole (US)"/></concept><concept><code value="53113"/><display value="Jamaican"/></concept><concept><code value="53114"/><display value="Kenyan"/></concept><concept><code value="53115"/><display value="Nigerian"/></concept><concept><code value="53116"/><display value="African American"/></concept><concept><code value="53117"/><display value="Ugandan"/></concept><concept><code value="53118"/><display value="West Indian / Caribbean"/></concept><concept><code value="53119"/><display value="Somali"/></concept><concept><code value="53120"/><display value="Eritrean"/></concept><concept><code value="53121"/><display value="Ethiopian"/></concept><concept><code value="53122"/><display value="Ghanaian"/></concept><concept><code value="53199"/><display value="Other African NEC"/></concept><concept><code value="61111"/><display value="Central American Indian"/></concept><concept><code value="61112"/><display value="Inuit / Eskimo"/></concept><concept><code value="61113"/><display value="North American Indian"/></concept><concept><code value="61114"/><display value="South American Indian"/></concept><concept><code value="61115"/><display value="Mauritian"/></concept><concept><code value="61116"/><display value="Seychelles Islander"/></concept><concept><code value="61117"/><display value="South African Coloured"/></concept><concept><code value="61118"/><display value="New Zealander"/></concept><concept><code value="61199"/><display value="Other NEC"/></concept><concept><code value="94444"/><display value="Don&#39;t know"/></concept><concept><code value="95555"/><display value="Refused to answer"/></concept><concept><code value="96666"/><display value="Repeated Value"/></concept><concept><code value="97777"/><display value="Response unidentifiable"/></concept><concept><code value="98888"/><display value="Response Outside Scope"/></concept><concept><code value="99999"/><display value="Not stated"/></concept></include></compose></ValueSet>