<?xml version="1.0" encoding="UTF-8"?>

<OperationDefinition xmlns="http://hl7.org/fhir">
  <id value="nzAddressUpdate"/>
  <text>
    <status value="generated"/><div xmlns="http://www.w3.org/1999/xhtml"><h2>nhi address update</h2><p>OPERATION: nhi address update</p><p>The official URL for this operation definition is: </p><pre>http://hl7.org.nz/fhir/OperationDefinition/nzAddressUpdate</pre><p>Parameters</p><table class="grid"><tr><td><b>Use</b></td><td><b>Name</b></td><td><b>Cardinality</b></td><td><b>Type</b></td><td><b>Binding</b></td><td><b>Documentation</b></td></tr><tr><td>IN</td><td>address</td><td>1..1</td><td><a href="http://hl7.org/fhir/STU3/datatypes.html#Address">Address</a></td><td/><td/></tr></table></div>
  </text>
  <url value="http://hl7.org.nz/fhir/OperationDefinition/nzAddressUpdate"/>
  <name value="nhi address update"/>
  <status value="draft"/>
  <kind value="operation"/>
  <date value="2019-04-05T14:48:18+13:00"/>
  <code value="addressUpdate"/>
  <system value="false"/>
  <type value="false"/>
  <instance value="true"/>
  <parameter>
    <name value="address"/>
    <use value="in"/>
    <min value="1"/>
    <max value="1"/>
    <type value="Address"/>
  </parameter>
</OperationDefinition>