{"resourceType":"OperationDefinition","id":"nzAddressUpdate","text":{"status":"generated","div":"<div xmlns=\"http://www.w3.org/1999/xhtml\"><h2>nhi address update</h2><p>OPERATION: nhi address update</p><p>The official URL for this operation definition is: </p><pre>http://hl7.org.nz/fhir/OperationDefinition/nzAddressUpdate</pre><p>Parameters</p><table class=\"grid\"><tr><td><b>Use</b></td><td><b>Name</b></td><td><b>Cardinality</b></td><td><b>Type</b></td><td><b>Binding</b></td><td><b>Documentation</b></td></tr><tr><td>IN</td><td>address</td><td>1..1</td><td><a href=\"http://hl7.org/fhir/STU3/datatypes.html#Address\">Address</a></td><td/><td/></tr></table></div>"},"url":"http://hl7.org.nz/fhir/OperationDefinition/nzAddressUpdate","name":"nhi address update","status":"draft","kind":"operation","date":"2019-04-08T16:13:10+12:00","code":"addressUpdate","system":false,"type":false,"instance":true,"parameter":[{"name":"address","use":"in","min":1,"max":"1","type":"Address"}]}