{"resourceType":"ValueSet","id":"ethnic-group-level-4","text":{"status":"generated","div":"<div xmlns=\"http://www.w3.org/1999/xhtml\"><h2>NZ Ethnicity Level 4</h2><div><p>Value Set of all NZ Ethnicity Level 4 Codes</p>\n</div><p><b>Copyright Statement:</b> © 2010+ New Zealand Crown Copyright</p><p>This value set includes codes from the following code systems:</p><ul><li>Include these codes as defined in <a href=\"CodeSystem-NzEthnicityL4.html\"><code>https://standards.digital.health.nz/codesystem/ethnic-group-level-4</code></a><table class=\"none\"><tr><td style=\"white-space:nowrap\"><b>Code</b></td><td><b>Display</b></td></tr><tr><td><a href=\"CodeSystem-NzEthnicityL4.html#NzEthnicityL4-10000\">10000</a></td><td>European NFD</td><td/></tr><tr><td><a href=\"CodeSystem-NzEthnicityL4.html#NzEthnicityL4-11111\">11111</a></td><td>New Zealand European</td><td/></tr><tr><td><a href=\"CodeSystem-NzEthnicityL4.html#NzEthnicityL4-12100\">12100</a></td><td>British NFD</td><td/></tr><tr><td><a href=\"CodeSystem-NzEthnicityL4.html#NzEthnicityL4-12111\">12111</a></td><td>Celtic</td><td/></tr><tr><td><a href=\"CodeSystem-NzEthnicityL4.html#NzEthnicityL4-12112\">12112</a></td><td>Channel Islander</td><td/></tr><tr><td><a href=\"CodeSystem-NzEthnicityL4.html#NzEthnicityL4-12113\">12113</a></td><td>Cornish</td><td/></tr><tr><td><a href=\"CodeSystem-NzEthnicityL4.html#NzEthnicityL4-12114\">12114</a></td><td>English</td><td/></tr><tr><td><a href=\"CodeSystem-NzEthnicityL4.html#NzEthnicityL4-12115\">12115</a></td><td>Gaelic</td><td/></tr><tr><td><a href=\"CodeSystem-NzEthnicityL4.html#NzEthnicityL4-12116\">12116</a></td><td>Irish</td><td/></tr><tr><td><a href=\"CodeSystem-NzEthnicityL4.html#NzEthnicityL4-12117\">12117</a></td><td>Manx</td><td/></tr><tr><td><a href=\"CodeSystem-NzEthnicityL4.html#NzEthnicityL4-12118\">12118</a></td><td>Orkney Islander</td><td/></tr><tr><td><a href=\"CodeSystem-NzEthnicityL4.html#NzEthnicityL4-12119\">12119</a></td><td>Scottish (Scots)</td><td/></tr><tr><td><a href=\"CodeSystem-NzEthnicityL4.html#NzEthnicityL4-12120\">12120</a></td><td>Shetland Islander</td><td/></tr><tr><td><a href=\"CodeSystem-NzEthnicityL4.html#NzEthnicityL4-12121\">12121</a></td><td>Welsh</td><td/></tr><tr><td><a href=\"CodeSystem-NzEthnicityL4.html#NzEthnicityL4-12199\">12199</a></td><td>British NEC</td><td/></tr><tr><td><a href=\"CodeSystem-NzEthnicityL4.html#NzEthnicityL4-12211\">12211</a></td><td>Dutch/Netherlands</td><td/></tr><tr><td><a href=\"CodeSystem-NzEthnicityL4.html#NzEthnicityL4-12311\">12311</a></td><td>Greek (including Greek Cypriot)</td><td/></tr><tr><td><a href=\"CodeSystem-NzEthnicityL4.html#NzEthnicityL4-12411\">12411</a></td><td>Polish</td><td/></tr><tr><td><a href=\"CodeSystem-NzEthnicityL4.html#NzEthnicityL4-12500\">12500</a></td><td>South Slav (formerly Yugoslav groups) NFD</td><td/></tr><tr><td><a href=\"CodeSystem-NzEthnicityL4.html#NzEthnicityL4-12511\">12511</a></td><td>Croat/Croatian</td><td/></tr><tr><td><a href=\"CodeSystem-NzEthnicityL4.html#NzEthnicityL4-12512\">12512</a></td><td>Dalmatian</td><td/></tr><tr><td><a href=\"CodeSystem-NzEthnicityL4.html#NzEthnicityL4-12513\">12513</a></td><td>Macedonian</td><td/></tr><tr><td><a href=\"CodeSystem-NzEthnicityL4.html#NzEthnicityL4-12514\">12514</a></td><td>Serb/Serbian</td><td/></tr><tr><td><a href=\"CodeSystem-NzEthnicityL4.html#NzEthnicityL4-12515\">12515</a></td><td>Slovene/Slovenian</td><td/></tr><tr><td><a href=\"CodeSystem-NzEthnicityL4.html#NzEthnicityL4-12516\">12516</a></td><td>Bosnian</td><td/></tr><tr><td><a href=\"CodeSystem-NzEthnicityL4.html#NzEthnicityL4-12599\">12599</a></td><td>South Slav (formerly Yugoslav groups) NEC</td><td/></tr><tr><td><a href=\"CodeSystem-NzEthnicityL4.html#NzEthnicityL4-12611\">12611</a></td><td>Italian</td><td/></tr><tr><td><a href=\"CodeSystem-NzEthnicityL4.html#NzEthnicityL4-12711\">12711</a></td><td>German</td><td/></tr><tr><td><a href=\"CodeSystem-NzEthnicityL4.html#NzEthnicityL4-12811\">12811</a></td><td>Australian</td><td/></tr><tr><td><a href=\"CodeSystem-NzEthnicityL4.html#NzEthnicityL4-12911\">12911</a></td><td>Albanian</td><td/></tr><tr><td><a href=\"CodeSystem-NzEthnicityL4.html#NzEthnicityL4-12912\">12912</a></td><td>Armenian</td><td/></tr><tr><td><a href=\"CodeSystem-NzEthnicityL4.html#NzEthnicityL4-12913\">12913</a></td><td>Austrian</td><td/></tr><tr><td><a href=\"CodeSystem-NzEthnicityL4.html#NzEthnicityL4-12914\">12914</a></td><td>Belgian</td><td/></tr><tr><td><a href=\"CodeSystem-NzEthnicityL4.html#NzEthnicityL4-12915\">12915</a></td><td>Bulgarian</td><td/></tr><tr><td><a href=\"CodeSystem-NzEthnicityL4.html#NzEthnicityL4-12916\">12916</a></td><td>Belorussian</td><td/></tr><tr><td><a href=\"CodeSystem-NzEthnicityL4.html#NzEthnicityL4-12917\">12917</a></td><td>Corsican</td><td/></tr><tr><td><a href=\"CodeSystem-NzEthnicityL4.html#NzEthnicityL4-12918\">12918</a></td><td>Cypriot Unspecified</td><td/></tr><tr><td><a href=\"CodeSystem-NzEthnicityL4.html#NzEthnicityL4-12919\">12919</a></td><td>Czech</td><td/></tr><tr><td><a href=\"CodeSystem-NzEthnicityL4.html#NzEthnicityL4-12920\">12920</a></td><td>Danish</td><td/></tr><tr><td><a href=\"CodeSystem-NzEthnicityL4.html#NzEthnicityL4-12921\">12921</a></td><td>Estonian</td><td/></tr><tr><td><a href=\"CodeSystem-NzEthnicityL4.html#NzEthnicityL4-12922\">12922</a></td><td>Finnish</td><td/></tr><tr><td><a href=\"CodeSystem-NzEthnicityL4.html#NzEthnicityL4-12923\">12923</a></td><td>Flemish</td><td/></tr><tr><td><a href=\"CodeSystem-NzEthnicityL4.html#NzEthnicityL4-12924\">12924</a></td><td>French</td><td/></tr><tr><td><a href=\"CodeSystem-NzEthnicityL4.html#NzEthnicityL4-12925\">12925</a></td><td>Greenlander</td><td/></tr><tr><td><a href=\"CodeSystem-NzEthnicityL4.html#NzEthnicityL4-12926\">12926</a></td><td>Hungarian</td><td/></tr><tr><td><a href=\"CodeSystem-NzEthnicityL4.html#NzEthnicityL4-12927\">12927</a></td><td>Icelander</td><td/></tr><tr><td><a href=\"CodeSystem-NzEthnicityL4.html#NzEthnicityL4-12928\">12928</a></td><td>Latvian</td><td/></tr><tr><td><a href=\"CodeSystem-NzEthnicityL4.html#NzEthnicityL4-12929\">12929</a></td><td>Lithuanian</td><td/></tr><tr><td><a href=\"CodeSystem-NzEthnicityL4.html#NzEthnicityL4-12930\">12930</a></td><td>Maltese</td><td/></tr><tr><td><a href=\"CodeSystem-NzEthnicityL4.html#NzEthnicityL4-12931\">12931</a></td><td>Norwegian</td><td/></tr><tr><td><a href=\"CodeSystem-NzEthnicityL4.html#NzEthnicityL4-12932\">12932</a></td><td>Portuguese</td><td/></tr><tr><td><a href=\"CodeSystem-NzEthnicityL4.html#NzEthnicityL4-12933\">12933</a></td><td>Romanian / Rumanian</td><td/></tr><tr><td><a href=\"CodeSystem-NzEthnicityL4.html#NzEthnicityL4-12934\">12934</a></td><td>Romany / Gypsy</td><td/></tr><tr><td><a href=\"CodeSystem-NzEthnicityL4.html#NzEthnicityL4-12935\">12935</a></td><td>Russian</td><td/></tr><tr><td><a href=\"CodeSystem-NzEthnicityL4.html#NzEthnicityL4-12936\">12936</a></td><td>Sardinian</td><td/></tr><tr><td><a href=\"CodeSystem-NzEthnicityL4.html#NzEthnicityL4-12937\">12937</a></td><td>Slavic / Slav</td><td/></tr><tr><td><a href=\"CodeSystem-NzEthnicityL4.html#NzEthnicityL4-12938\">12938</a></td><td>Slovak</td><td/></tr><tr><td><a href=\"CodeSystem-NzEthnicityL4.html#NzEthnicityL4-12939\">12939</a></td><td>Spanish</td><td/></tr><tr><td><a href=\"CodeSystem-NzEthnicityL4.html#NzEthnicityL4-12940\">12940</a></td><td>Swedish</td><td/></tr><tr><td><a href=\"CodeSystem-NzEthnicityL4.html#NzEthnicityL4-12941\">12941</a></td><td>Swiss</td><td/></tr><tr><td><a href=\"CodeSystem-NzEthnicityL4.html#NzEthnicityL4-12942\">12942</a></td><td>Ukrainian</td><td/></tr><tr><td><a href=\"CodeSystem-NzEthnicityL4.html#NzEthnicityL4-12943\">12943</a></td><td>American (US)</td><td/></tr><tr><td><a href=\"CodeSystem-NzEthnicityL4.html#NzEthnicityL4-12944\">12944</a></td><td>Burgher</td><td/></tr><tr><td><a href=\"CodeSystem-NzEthnicityL4.html#NzEthnicityL4-12945\">12945</a></td><td>Canadian</td><td/></tr><tr><td><a href=\"CodeSystem-NzEthnicityL4.html#NzEthnicityL4-12946\">12946</a></td><td>Falkland Islander / Kelper</td><td/></tr><tr><td><a href=\"CodeSystem-NzEthnicityL4.html#NzEthnicityL4-12947\">12947</a></td><td>New Caledonian</td><td/></tr><tr><td><a href=\"CodeSystem-NzEthnicityL4.html#NzEthnicityL4-12948\">12948</a></td><td>South African</td><td/></tr><tr><td><a href=\"CodeSystem-NzEthnicityL4.html#NzEthnicityL4-12949\">12949</a></td><td>Afrikaner</td><td/></tr><tr><td><a href=\"CodeSystem-NzEthnicityL4.html#NzEthnicityL4-12950\">12950</a></td><td>Zimbabwean</td><td/></tr><tr><td><a href=\"CodeSystem-NzEthnicityL4.html#NzEthnicityL4-12999\">12999</a></td><td>European NEC</td><td/></tr><tr><td><a href=\"CodeSystem-NzEthnicityL4.html#NzEthnicityL4-21111\">21111</a></td><td>Māori</td><td/></tr><tr><td><a href=\"CodeSystem-NzEthnicityL4.html#NzEthnicityL4-30000\">30000</a></td><td>Pacific peoples NFD</td><td/></tr><tr><td><a href=\"CodeSystem-NzEthnicityL4.html#NzEthnicityL4-31111\">31111</a></td><td>Samoan</td><td/></tr><tr><td><a href=\"CodeSystem-NzEthnicityL4.html#NzEthnicityL4-32100\">32100</a></td><td>Cook Island Māori NFD</td><td/></tr><tr><td><a href=\"CodeSystem-NzEthnicityL4.html#NzEthnicityL4-32111\">32111</a></td><td>Aitutaki Islander</td><td/></tr><tr><td><a href=\"CodeSystem-NzEthnicityL4.html#NzEthnicityL4-32112\">32112</a></td><td>Atiu Islander</td><td/></tr><tr><td><a href=\"CodeSystem-NzEthnicityL4.html#NzEthnicityL4-32113\">32113</a></td><td>Mangaia Islander</td><td/></tr><tr><td><a href=\"CodeSystem-NzEthnicityL4.html#NzEthnicityL4-32114\">32114</a></td><td>Manihiki Islander</td><td/></tr><tr><td><a href=\"CodeSystem-NzEthnicityL4.html#NzEthnicityL4-32115\">32115</a></td><td>Mauke Islander</td><td/></tr><tr><td><a href=\"CodeSystem-NzEthnicityL4.html#NzEthnicityL4-32116\">32116</a></td><td>Mitiaro Islander</td><td/></tr><tr><td><a href=\"CodeSystem-NzEthnicityL4.html#NzEthnicityL4-32117\">32117</a></td><td>Palmerston Islander</td><td/></tr><tr><td><a href=\"CodeSystem-NzEthnicityL4.html#NzEthnicityL4-32118\">32118</a></td><td>Penrhyn Islander</td><td/></tr><tr><td><a href=\"CodeSystem-NzEthnicityL4.html#NzEthnicityL4-32119\">32119</a></td><td>Pukapuka Islander</td><td/></tr><tr><td><a href=\"CodeSystem-NzEthnicityL4.html#NzEthnicityL4-32120\">32120</a></td><td>Rakahanga Islander</td><td/></tr><tr><td><a href=\"CodeSystem-NzEthnicityL4.html#NzEthnicityL4-32121\">32121</a></td><td>Rarotongan</td><td/></tr><tr><td><a href=\"CodeSystem-NzEthnicityL4.html#NzEthnicityL4-33111\">33111</a></td><td>Tongan</td><td/></tr><tr><td><a href=\"CodeSystem-NzEthnicityL4.html#NzEthnicityL4-34111\">34111</a></td><td>Niuean</td><td/></tr><tr><td><a href=\"CodeSystem-NzEthnicityL4.html#NzEthnicityL4-35111\">35111</a></td><td>Tokelauan</td><td/></tr><tr><td><a href=\"CodeSystem-NzEthnicityL4.html#NzEthnicityL4-36111\">36111</a></td><td>Fijian (except Fiji Indian / Indo-Fijian)</td><td/></tr><tr><td><a href=\"CodeSystem-NzEthnicityL4.html#NzEthnicityL4-37111\">37111</a></td><td>Admiralty Islander</td><td/></tr><tr><td><a href=\"CodeSystem-NzEthnicityL4.html#NzEthnicityL4-37112\">37112</a></td><td>Australian Aboriginal</td><td/></tr><tr><td><a href=\"CodeSystem-NzEthnicityL4.html#NzEthnicityL4-37113\">37113</a></td><td>Austral Islander</td><td/></tr><tr><td><a href=\"CodeSystem-NzEthnicityL4.html#NzEthnicityL4-37114\">37114</a></td><td>Belau / Palau Islander</td><td/></tr><tr><td><a href=\"CodeSystem-NzEthnicityL4.html#NzEthnicityL4-37115\">37115</a></td><td>Bismark Archipelagoan</td><td/></tr><tr><td><a href=\"CodeSystem-NzEthnicityL4.html#NzEthnicityL4-37116\">37116</a></td><td>Bougainvillean</td><td/></tr><tr><td><a href=\"CodeSystem-NzEthnicityL4.html#NzEthnicityL4-37117\">37117</a></td><td>Caroline Islander</td><td/></tr><tr><td><a href=\"CodeSystem-NzEthnicityL4.html#NzEthnicityL4-37118\">37118</a></td><td>Easter Islander</td><td/></tr><tr><td><a href=\"CodeSystem-NzEthnicityL4.html#NzEthnicityL4-37119\">37119</a></td><td>Gambier Islander</td><td/></tr><tr><td><a href=\"CodeSystem-NzEthnicityL4.html#NzEthnicityL4-37120\">37120</a></td><td>Guadalcanalian</td><td/></tr><tr><td><a href=\"CodeSystem-NzEthnicityL4.html#NzEthnicityL4-37121\">37121</a></td><td>Guam Islander / Chamorro</td><td/></tr><tr><td><a href=\"CodeSystem-NzEthnicityL4.html#NzEthnicityL4-37122\">37122</a></td><td>Hawaiian</td><td/></tr><tr><td><a href=\"CodeSystem-NzEthnicityL4.html#NzEthnicityL4-37123\">37123</a></td><td>Kanaka / Kanak</td><td/></tr><tr><td><a href=\"CodeSystem-NzEthnicityL4.html#NzEthnicityL4-37124\">37124</a></td><td>I-Kiribati / Gilbertese</td><td/></tr><tr><td><a href=\"CodeSystem-NzEthnicityL4.html#NzEthnicityL4-37125\">37125</a></td><td>Malaitian</td><td/></tr><tr><td><a href=\"CodeSystem-NzEthnicityL4.html#NzEthnicityL4-37126\">37126</a></td><td>Manus Islander</td><td/></tr><tr><td><a href=\"CodeSystem-NzEthnicityL4.html#NzEthnicityL4-37127\">37127</a></td><td>Marianas Islander</td><td/></tr><tr><td><a href=\"CodeSystem-NzEthnicityL4.html#NzEthnicityL4-37128\">37128</a></td><td>Marquesas Islander</td><td/></tr><tr><td><a href=\"CodeSystem-NzEthnicityL4.html#NzEthnicityL4-37129\">37129</a></td><td>Marshall Islander</td><td/></tr><tr><td><a href=\"CodeSystem-NzEthnicityL4.html#NzEthnicityL4-37130\">37130</a></td><td>Nauru Islander</td><td/></tr><tr><td><a href=\"CodeSystem-NzEthnicityL4.html#NzEthnicityL4-37131\">37131</a></td><td>New Britain Islander</td><td/></tr><tr><td><a href=\"CodeSystem-NzEthnicityL4.html#NzEthnicityL4-37132\">37132</a></td><td>New Georgian</td><td/></tr><tr><td><a href=\"CodeSystem-NzEthnicityL4.html#NzEthnicityL4-37133\">37133</a></td><td>New Irelander</td><td/></tr><tr><td><a href=\"CodeSystem-NzEthnicityL4.html#NzEthnicityL4-37134\">37134</a></td><td>Ocean Islander / Banaban</td><td/></tr><tr><td><a href=\"CodeSystem-NzEthnicityL4.html#NzEthnicityL4-37135\">37135</a></td><td>Papuan / New Guinean / Irian Jayan</td><td/></tr><tr><td><a href=\"CodeSystem-NzEthnicityL4.html#NzEthnicityL4-37136\">37136</a></td><td>Phoenix Islander</td><td/></tr><tr><td><a href=\"CodeSystem-NzEthnicityL4.html#NzEthnicityL4-37137\">37137</a></td><td>Pitcairn Islander</td><td/></tr><tr><td><a href=\"CodeSystem-NzEthnicityL4.html#NzEthnicityL4-37138\">37138</a></td><td>Rotuman / Rotuman Islander</td><td/></tr><tr><td><a href=\"CodeSystem-NzEthnicityL4.html#NzEthnicityL4-37139\">37139</a></td><td>Santa Cruz Islander</td><td/></tr><tr><td><a href=\"CodeSystem-NzEthnicityL4.html#NzEthnicityL4-37140\">37140</a></td><td>Society Islander (including Tahitian)</td><td/></tr><tr><td><a href=\"CodeSystem-NzEthnicityL4.html#NzEthnicityL4-37141\">37141</a></td><td>Solomon Islander</td><td/></tr><tr><td><a href=\"CodeSystem-NzEthnicityL4.html#NzEthnicityL4-37142\">37142</a></td><td>Torres Strait Islander / Thursday Islander</td><td/></tr><tr><td><a href=\"CodeSystem-NzEthnicityL4.html#NzEthnicityL4-37143\">37143</a></td><td>Tuamotu Islander</td><td/></tr><tr><td><a href=\"CodeSystem-NzEthnicityL4.html#NzEthnicityL4-37144\">37144</a></td><td>Tuvalu Islander / Ellice Islander</td><td/></tr><tr><td><a href=\"CodeSystem-NzEthnicityL4.html#NzEthnicityL4-37145\">37145</a></td><td>Vanuatu Islander / New Hebridean</td><td/></tr><tr><td><a href=\"CodeSystem-NzEthnicityL4.html#NzEthnicityL4-37146\">37146</a></td><td>Wake Islander</td><td/></tr><tr><td><a href=\"CodeSystem-NzEthnicityL4.html#NzEthnicityL4-37147\">37147</a></td><td>Wallis Islander</td><td/></tr><tr><td><a href=\"CodeSystem-NzEthnicityL4.html#NzEthnicityL4-37148\">37148</a></td><td>Yap Islander</td><td/></tr><tr><td><a href=\"CodeSystem-NzEthnicityL4.html#NzEthnicityL4-37199\">37199</a></td><td>Other Pacific peoples NEC</td><td/></tr><tr><td><a href=\"CodeSystem-NzEthnicityL4.html#NzEthnicityL4-40000\">40000</a></td><td>Asian NFD</td><td/></tr><tr><td><a href=\"CodeSystem-NzEthnicityL4.html#NzEthnicityL4-41000\">41000</a></td><td>Southeast Asian NFD</td><td/></tr><tr><td><a href=\"CodeSystem-NzEthnicityL4.html#NzEthnicityL4-41111\">41111</a></td><td>Filipino</td><td/></tr><tr><td><a href=\"CodeSystem-NzEthnicityL4.html#NzEthnicityL4-41211\">41211</a></td><td>Khmer / Kampuchean / Cambodian</td><td/></tr><tr><td><a href=\"CodeSystem-NzEthnicityL4.html#NzEthnicityL4-41311\">41311</a></td><td>Vietnamese</td><td/></tr><tr><td><a href=\"CodeSystem-NzEthnicityL4.html#NzEthnicityL4-41411\">41411</a></td><td>Burmese</td><td/></tr><tr><td><a href=\"CodeSystem-NzEthnicityL4.html#NzEthnicityL4-41412\">41412</a></td><td>Indonesian (including Javanese / Sundanese / Sumatran)</td><td/></tr><tr><td><a href=\"CodeSystem-NzEthnicityL4.html#NzEthnicityL4-41413\">41413</a></td><td>Lao / Laotian</td><td/></tr><tr><td><a href=\"CodeSystem-NzEthnicityL4.html#NzEthnicityL4-41414\">41414</a></td><td>Malay / Malayan</td><td/></tr><tr><td><a href=\"CodeSystem-NzEthnicityL4.html#NzEthnicityL4-41415\">41415</a></td><td>Thai / Tai / Siamese</td><td/></tr><tr><td><a href=\"CodeSystem-NzEthnicityL4.html#NzEthnicityL4-41499\">41499</a></td><td>Other Southeast Asian NEC</td><td/></tr><tr><td><a href=\"CodeSystem-NzEthnicityL4.html#NzEthnicityL4-42100\">42100</a></td><td>Chinese NFD</td><td/></tr><tr><td><a href=\"CodeSystem-NzEthnicityL4.html#NzEthnicityL4-42111\">42111</a></td><td>Hong Kong Chinese</td><td/></tr><tr><td><a href=\"CodeSystem-NzEthnicityL4.html#NzEthnicityL4-42112\">42112</a></td><td>Kampuchean Chinese</td><td/></tr><tr><td><a href=\"CodeSystem-NzEthnicityL4.html#NzEthnicityL4-42113\">42113</a></td><td>Malaysian Chinese</td><td/></tr><tr><td><a href=\"CodeSystem-NzEthnicityL4.html#NzEthnicityL4-42114\">42114</a></td><td>Singaporean Chinese</td><td/></tr><tr><td><a href=\"CodeSystem-NzEthnicityL4.html#NzEthnicityL4-42115\">42115</a></td><td>Vietnamese Chinese</td><td/></tr><tr><td><a href=\"CodeSystem-NzEthnicityL4.html#NzEthnicityL4-42116\">42116</a></td><td>Taiwanese Chinese</td><td/></tr><tr><td><a href=\"CodeSystem-NzEthnicityL4.html#NzEthnicityL4-42199\">42199</a></td><td>Chinese NEC</td><td/></tr><tr><td><a href=\"CodeSystem-NzEthnicityL4.html#NzEthnicityL4-43100\">43100</a></td><td>Indian NFD</td><td/></tr><tr><td><a href=\"CodeSystem-NzEthnicityL4.html#NzEthnicityL4-43111\">43111</a></td><td>Bengali</td><td/></tr><tr><td><a href=\"CodeSystem-NzEthnicityL4.html#NzEthnicityL4-43112\">43112</a></td><td>Fijian Indian / Indo-Fijian</td><td/></tr><tr><td><a href=\"CodeSystem-NzEthnicityL4.html#NzEthnicityL4-43113\">43113</a></td><td>Gujarati</td><td/></tr><tr><td><a href=\"CodeSystem-NzEthnicityL4.html#NzEthnicityL4-43114\">43114</a></td><td>Tamil</td><td/></tr><tr><td><a href=\"CodeSystem-NzEthnicityL4.html#NzEthnicityL4-43115\">43115</a></td><td>Punjabi</td><td/></tr><tr><td><a href=\"CodeSystem-NzEthnicityL4.html#NzEthnicityL4-43116\">43116</a></td><td>Sikh</td><td/></tr><tr><td><a href=\"CodeSystem-NzEthnicityL4.html#NzEthnicityL4-43117\">43117</a></td><td>Anglo Indian</td><td/></tr><tr><td><a href=\"CodeSystem-NzEthnicityL4.html#NzEthnicityL4-43199\">43199</a></td><td>Indian NEC</td><td/></tr><tr><td><a href=\"CodeSystem-NzEthnicityL4.html#NzEthnicityL4-44100\">44100</a></td><td>Sri Lankan NFD</td><td/></tr><tr><td><a href=\"CodeSystem-NzEthnicityL4.html#NzEthnicityL4-44111\">44111</a></td><td>Sinhalese</td><td/></tr><tr><td><a href=\"CodeSystem-NzEthnicityL4.html#NzEthnicityL4-44112\">44112</a></td><td>Sri Lankan Tamil</td><td/></tr><tr><td><a href=\"CodeSystem-NzEthnicityL4.html#NzEthnicityL4-44199\">44199</a></td><td>Sri Lankan NEC</td><td/></tr><tr><td><a href=\"CodeSystem-NzEthnicityL4.html#NzEthnicityL4-44211\">44211</a></td><td>Japanese</td><td/></tr><tr><td><a href=\"CodeSystem-NzEthnicityL4.html#NzEthnicityL4-44311\">44311</a></td><td>Korean</td><td/></tr><tr><td><a href=\"CodeSystem-NzEthnicityL4.html#NzEthnicityL4-44411\">44411</a></td><td>Afghani</td><td/></tr><tr><td><a href=\"CodeSystem-NzEthnicityL4.html#NzEthnicityL4-44412\">44412</a></td><td>Bangladeshi</td><td/></tr><tr><td><a href=\"CodeSystem-NzEthnicityL4.html#NzEthnicityL4-44413\">44413</a></td><td>Nepalese</td><td/></tr><tr><td><a href=\"CodeSystem-NzEthnicityL4.html#NzEthnicityL4-44414\">44414</a></td><td>Pakistani</td><td/></tr><tr><td><a href=\"CodeSystem-NzEthnicityL4.html#NzEthnicityL4-44415\">44415</a></td><td>Tibetan</td><td/></tr><tr><td><a href=\"CodeSystem-NzEthnicityL4.html#NzEthnicityL4-44416\">44416</a></td><td>Eurasian</td><td/></tr><tr><td><a href=\"CodeSystem-NzEthnicityL4.html#NzEthnicityL4-44499\">44499</a></td><td>Other Asian NEC</td><td/></tr><tr><td><a href=\"CodeSystem-NzEthnicityL4.html#NzEthnicityL4-51100\">51100</a></td><td>Middle Eastern NFD</td><td/></tr><tr><td><a href=\"CodeSystem-NzEthnicityL4.html#NzEthnicityL4-51111\">51111</a></td><td>Algerian</td><td/></tr><tr><td><a href=\"CodeSystem-NzEthnicityL4.html#NzEthnicityL4-51112\">51112</a></td><td>Arab</td><td/></tr><tr><td><a href=\"CodeSystem-NzEthnicityL4.html#NzEthnicityL4-51113\">51113</a></td><td>Assyrian</td><td/></tr><tr><td><a href=\"CodeSystem-NzEthnicityL4.html#NzEthnicityL4-51114\">51114</a></td><td>Egyptian</td><td/></tr><tr><td><a href=\"CodeSystem-NzEthnicityL4.html#NzEthnicityL4-51115\">51115</a></td><td>Iranian / Persian</td><td/></tr><tr><td><a href=\"CodeSystem-NzEthnicityL4.html#NzEthnicityL4-51116\">51116</a></td><td>Iraqi</td><td/></tr><tr><td><a href=\"CodeSystem-NzEthnicityL4.html#NzEthnicityL4-51117\">51117</a></td><td>Israeli / Jewish / Hebrew</td><td/></tr><tr><td><a href=\"CodeSystem-NzEthnicityL4.html#NzEthnicityL4-51118\">51118</a></td><td>Jordanian</td><td/></tr><tr><td><a href=\"CodeSystem-NzEthnicityL4.html#NzEthnicityL4-51119\">51119</a></td><td>Kurd</td><td/></tr><tr><td><a href=\"CodeSystem-NzEthnicityL4.html#NzEthnicityL4-51120\">51120</a></td><td>Lebanese</td><td/></tr><tr><td><a href=\"CodeSystem-NzEthnicityL4.html#NzEthnicityL4-51121\">51121</a></td><td>Libyan</td><td/></tr><tr><td><a href=\"CodeSystem-NzEthnicityL4.html#NzEthnicityL4-51122\">51122</a></td><td>Moroccan</td><td/></tr><tr><td><a href=\"CodeSystem-NzEthnicityL4.html#NzEthnicityL4-51123\">51123</a></td><td>Omani</td><td/></tr><tr><td><a href=\"CodeSystem-NzEthnicityL4.html#NzEthnicityL4-51124\">51124</a></td><td>Palestinian</td><td/></tr><tr><td><a href=\"CodeSystem-NzEthnicityL4.html#NzEthnicityL4-51125\">51125</a></td><td>Syrian</td><td/></tr><tr><td><a href=\"CodeSystem-NzEthnicityL4.html#NzEthnicityL4-51126\">51126</a></td><td>Tunisian</td><td/></tr><tr><td><a href=\"CodeSystem-NzEthnicityL4.html#NzEthnicityL4-51127\">51127</a></td><td>Turkish (including Turkish Cypriot)</td><td/></tr><tr><td><a href=\"CodeSystem-NzEthnicityL4.html#NzEthnicityL4-51128\">51128</a></td><td>Yemeni</td><td/></tr><tr><td><a href=\"CodeSystem-NzEthnicityL4.html#NzEthnicityL4-51199\">51199</a></td><td>Middle Eastern NEC</td><td/></tr><tr><td><a href=\"CodeSystem-NzEthnicityL4.html#NzEthnicityL4-52100\">52100</a></td><td>Latin American / Hispanic NFD</td><td/></tr><tr><td><a href=\"CodeSystem-NzEthnicityL4.html#NzEthnicityL4-52111\">52111</a></td><td>Argentinian</td><td/></tr><tr><td><a href=\"CodeSystem-NzEthnicityL4.html#NzEthnicityL4-52112\">52112</a></td><td>Bolivian</td><td/></tr><tr><td><a href=\"CodeSystem-NzEthnicityL4.html#NzEthnicityL4-52113\">52113</a></td><td>Brazilian</td><td/></tr><tr><td><a href=\"CodeSystem-NzEthnicityL4.html#NzEthnicityL4-52114\">52114</a></td><td>Chilean</td><td/></tr><tr><td><a href=\"CodeSystem-NzEthnicityL4.html#NzEthnicityL4-52115\">52115</a></td><td>Colombian</td><td/></tr><tr><td><a href=\"CodeSystem-NzEthnicityL4.html#NzEthnicityL4-52116\">52116</a></td><td>Costa Rican</td><td/></tr><tr><td><a href=\"CodeSystem-NzEthnicityL4.html#NzEthnicityL4-52117\">52117</a></td><td>Creole (Latin America)</td><td/></tr><tr><td><a href=\"CodeSystem-NzEthnicityL4.html#NzEthnicityL4-52118\">52118</a></td><td>Ecuadorian</td><td/></tr><tr><td><a href=\"CodeSystem-NzEthnicityL4.html#NzEthnicityL4-52119\">52119</a></td><td>Guatemalan</td><td/></tr><tr><td><a href=\"CodeSystem-NzEthnicityL4.html#NzEthnicityL4-52120\">52120</a></td><td>Guyanese</td><td/></tr><tr><td><a href=\"CodeSystem-NzEthnicityL4.html#NzEthnicityL4-52121\">52121</a></td><td>Honduran</td><td/></tr><tr><td><a href=\"CodeSystem-NzEthnicityL4.html#NzEthnicityL4-52122\">52122</a></td><td>Malvinian (Spanish-speaking Falkland Islander)</td><td/></tr><tr><td><a href=\"CodeSystem-NzEthnicityL4.html#NzEthnicityL4-52123\">52123</a></td><td>Mexican</td><td/></tr><tr><td><a href=\"CodeSystem-NzEthnicityL4.html#NzEthnicityL4-52124\">52124</a></td><td>Nicaraguan</td><td/></tr><tr><td><a href=\"CodeSystem-NzEthnicityL4.html#NzEthnicityL4-52125\">52125</a></td><td>Panamanian</td><td/></tr><tr><td><a href=\"CodeSystem-NzEthnicityL4.html#NzEthnicityL4-52126\">52126</a></td><td>Paraguayan</td><td/></tr><tr><td><a href=\"CodeSystem-NzEthnicityL4.html#NzEthnicityL4-52127\">52127</a></td><td>Peruvian</td><td/></tr><tr><td><a href=\"CodeSystem-NzEthnicityL4.html#NzEthnicityL4-52128\">52128</a></td><td>Puerto Rican</td><td/></tr><tr><td><a href=\"CodeSystem-NzEthnicityL4.html#NzEthnicityL4-52129\">52129</a></td><td>Uruguayan</td><td/></tr><tr><td><a href=\"CodeSystem-NzEthnicityL4.html#NzEthnicityL4-52130\">52130</a></td><td>Venezuelan</td><td/></tr><tr><td><a href=\"CodeSystem-NzEthnicityL4.html#NzEthnicityL4-52199\">52199</a></td><td>Latin American / Hispanic NEC</td><td/></tr><tr><td><a href=\"CodeSystem-NzEthnicityL4.html#NzEthnicityL4-53100\">53100</a></td><td>African NFD</td><td/></tr><tr><td><a href=\"CodeSystem-NzEthnicityL4.html#NzEthnicityL4-53112\">53112</a></td><td>Creole (US)</td><td/></tr><tr><td><a href=\"CodeSystem-NzEthnicityL4.html#NzEthnicityL4-53113\">53113</a></td><td>Jamaican</td><td/></tr><tr><td><a href=\"CodeSystem-NzEthnicityL4.html#NzEthnicityL4-53114\">53114</a></td><td>Kenyan</td><td/></tr><tr><td><a href=\"CodeSystem-NzEthnicityL4.html#NzEthnicityL4-53115\">53115</a></td><td>Nigerian</td><td/></tr><tr><td><a href=\"CodeSystem-NzEthnicityL4.html#NzEthnicityL4-53116\">53116</a></td><td>African American</td><td/></tr><tr><td><a href=\"CodeSystem-NzEthnicityL4.html#NzEthnicityL4-53117\">53117</a></td><td>Ugandan</td><td/></tr><tr><td><a href=\"CodeSystem-NzEthnicityL4.html#NzEthnicityL4-53118\">53118</a></td><td>West Indian / Caribbean</td><td/></tr><tr><td><a href=\"CodeSystem-NzEthnicityL4.html#NzEthnicityL4-53119\">53119</a></td><td>Somali</td><td/></tr><tr><td><a href=\"CodeSystem-NzEthnicityL4.html#NzEthnicityL4-53120\">53120</a></td><td>Eritrean</td><td/></tr><tr><td><a href=\"CodeSystem-NzEthnicityL4.html#NzEthnicityL4-53121\">53121</a></td><td>Ethiopian</td><td/></tr><tr><td><a href=\"CodeSystem-NzEthnicityL4.html#NzEthnicityL4-53122\">53122</a></td><td>Ghanaian</td><td/></tr><tr><td><a href=\"CodeSystem-NzEthnicityL4.html#NzEthnicityL4-53199\">53199</a></td><td>Other African NEC</td><td/></tr><tr><td><a href=\"CodeSystem-NzEthnicityL4.html#NzEthnicityL4-61111\">61111</a></td><td>Central American Indian</td><td/></tr><tr><td><a href=\"CodeSystem-NzEthnicityL4.html#NzEthnicityL4-61112\">61112</a></td><td>Inuit / Eskimo</td><td/></tr><tr><td><a href=\"CodeSystem-NzEthnicityL4.html#NzEthnicityL4-61113\">61113</a></td><td>North American Indian</td><td/></tr><tr><td><a href=\"CodeSystem-NzEthnicityL4.html#NzEthnicityL4-61114\">61114</a></td><td>South American Indian</td><td/></tr><tr><td><a href=\"CodeSystem-NzEthnicityL4.html#NzEthnicityL4-61115\">61115</a></td><td>Mauritian</td><td/></tr><tr><td><a href=\"CodeSystem-NzEthnicityL4.html#NzEthnicityL4-61116\">61116</a></td><td>Seychelles Islander</td><td/></tr><tr><td><a href=\"CodeSystem-NzEthnicityL4.html#NzEthnicityL4-61117\">61117</a></td><td>South African Coloured</td><td/></tr><tr><td><a href=\"CodeSystem-NzEthnicityL4.html#NzEthnicityL4-61118\">61118</a></td><td>New Zealander</td><td/></tr><tr><td><a href=\"CodeSystem-NzEthnicityL4.html#NzEthnicityL4-61199\">61199</a></td><td>Other NEC</td><td/></tr><tr><td><a href=\"CodeSystem-NzEthnicityL4.html#NzEthnicityL4-94444\">94444</a></td><td>Don't know</td><td/></tr><tr><td><a href=\"CodeSystem-NzEthnicityL4.html#NzEthnicityL4-95555\">95555</a></td><td>Refused to answer</td><td/></tr><tr><td><a href=\"CodeSystem-NzEthnicityL4.html#NzEthnicityL4-96666\">96666</a></td><td>Repeated Value</td><td/></tr><tr><td><a href=\"CodeSystem-NzEthnicityL4.html#NzEthnicityL4-97777\">97777</a></td><td>Response unidentifiable</td><td/></tr><tr><td><a href=\"CodeSystem-NzEthnicityL4.html#NzEthnicityL4-98888\">98888</a></td><td>Response Outside Scope</td><td/></tr><tr><td><a href=\"CodeSystem-NzEthnicityL4.html#NzEthnicityL4-99999\">99999</a></td><td>Not stated</td><td/></tr></table></li></ul></div>"},"url":"https://standards.digital.health.nz/valueset/ethnic-group-level-4","version":"1.0.1","name":"NZ Ethnicity Level 4","status":"active","experimental":false,"date":"2019-03-07T00:00:00+13:00","publisher":"Patients First Ltd","contact":[{"telecom":[{"system":"email","value":"peter.jordan@patientsfirst.org.nz"}]}],"description":"Value Set of all NZ Ethnicity Level 4 Codes","copyright":"© 2010+ New Zealand Crown Copyright","compose":{"include":[{"system":"https://standards.digital.health.nz/codesystem/ethnic-group-level-4","version":"1.0.1","concept":[{"code":"10000","display":"European NFD"},{"code":"11111","display":"New Zealand European"},{"code":"12100","display":"British NFD"},{"code":"12111","display":"Celtic"},{"code":"12112","display":"Channel Islander"},{"code":"12113","display":"Cornish"},{"code":"12114","display":"English"},{"code":"12115","display":"Gaelic"},{"code":"12116","display":"Irish"},{"code":"12117","display":"Manx"},{"code":"12118","display":"Orkney Islander"},{"code":"12119","display":"Scottish (Scots)"},{"code":"12120","display":"Shetland Islander"},{"code":"12121","display":"Welsh"},{"code":"12199","display":"British NEC"},{"code":"12211","display":"Dutch/Netherlands"},{"code":"12311","display":"Greek (including Greek Cypriot)"},{"code":"12411","display":"Polish"},{"code":"12500","display":"South Slav (formerly Yugoslav groups) NFD"},{"code":"12511","display":"Croat/Croatian"},{"code":"12512","display":"Dalmatian"},{"code":"12513","display":"Macedonian"},{"code":"12514","display":"Serb/Serbian"},{"code":"12515","display":"Slovene/Slovenian"},{"code":"12516","display":"Bosnian"},{"code":"12599","display":"South Slav (formerly Yugoslav groups) NEC"},{"code":"12611","display":"Italian"},{"code":"12711","display":"German"},{"code":"12811","display":"Australian"},{"code":"12911","display":"Albanian"},{"code":"12912","display":"Armenian"},{"code":"12913","display":"Austrian"},{"code":"12914","display":"Belgian"},{"code":"12915","display":"Bulgarian"},{"code":"12916","display":"Belorussian"},{"code":"12917","display":"Corsican"},{"code":"12918","display":"Cypriot Unspecified"},{"code":"12919","display":"Czech"},{"code":"12920","display":"Danish"},{"code":"12921","display":"Estonian"},{"code":"12922","display":"Finnish"},{"code":"12923","display":"Flemish"},{"code":"12924","display":"French"},{"code":"12925","display":"Greenlander"},{"code":"12926","display":"Hungarian"},{"code":"12927","display":"Icelander"},{"code":"12928","display":"Latvian"},{"code":"12929","display":"Lithuanian"},{"code":"12930","display":"Maltese"},{"code":"12931","display":"Norwegian"},{"code":"12932","display":"Portuguese"},{"code":"12933","display":"Romanian / Rumanian"},{"code":"12934","display":"Romany / Gypsy"},{"code":"12935","display":"Russian"},{"code":"12936","display":"Sardinian"},{"code":"12937","display":"Slavic / Slav"},{"code":"12938","display":"Slovak"},{"code":"12939","display":"Spanish"},{"code":"12940","display":"Swedish"},{"code":"12941","display":"Swiss"},{"code":"12942","display":"Ukrainian"},{"code":"12943","display":"American (US)"},{"code":"12944","display":"Burgher"},{"code":"12945","display":"Canadian"},{"code":"12946","display":"Falkland Islander / Kelper"},{"code":"12947","display":"New Caledonian"},{"code":"12948","display":"South African"},{"code":"12949","display":"Afrikaner"},{"code":"12950","display":"Zimbabwean"},{"code":"12999","display":"European NEC"},{"code":"21111","display":"Māori"},{"code":"30000","display":"Pacific peoples NFD"},{"code":"31111","display":"Samoan"},{"code":"32100","display":"Cook Island Māori NFD"},{"code":"32111","display":"Aitutaki Islander"},{"code":"32112","display":"Atiu Islander"},{"code":"32113","display":"Mangaia Islander"},{"code":"32114","display":"Manihiki Islander"},{"code":"32115","display":"Mauke Islander"},{"code":"32116","display":"Mitiaro Islander"},{"code":"32117","display":"Palmerston Islander"},{"code":"32118","display":"Penrhyn Islander"},{"code":"32119","display":"Pukapuka Islander"},{"code":"32120","display":"Rakahanga Islander"},{"code":"32121","display":"Rarotongan"},{"code":"33111","display":"Tongan"},{"code":"34111","display":"Niuean"},{"code":"35111","display":"Tokelauan"},{"code":"36111","display":"Fijian (except Fiji Indian / Indo-Fijian)"},{"code":"37111","display":"Admiralty Islander"},{"code":"37112","display":"Australian Aboriginal"},{"code":"37113","display":"Austral Islander"},{"code":"37114","display":"Belau / Palau Islander"},{"code":"37115","display":"Bismark Archipelagoan"},{"code":"37116","display":"Bougainvillean"},{"code":"37117","display":"Caroline Islander"},{"code":"37118","display":"Easter Islander"},{"code":"37119","display":"Gambier Islander"},{"code":"37120","display":"Guadalcanalian"},{"code":"37121","display":"Guam Islander / Chamorro"},{"code":"37122","display":"Hawaiian"},{"code":"37123","display":"Kanaka / Kanak"},{"code":"37124","display":"I-Kiribati / Gilbertese"},{"code":"37125","display":"Malaitian"},{"code":"37126","display":"Manus Islander"},{"code":"37127","display":"Marianas Islander"},{"code":"37128","display":"Marquesas Islander"},{"code":"37129","display":"Marshall Islander"},{"code":"37130","display":"Nauru Islander"},{"code":"37131","display":"New Britain Islander"},{"code":"37132","display":"New Georgian"},{"code":"37133","display":"New Irelander"},{"code":"37134","display":"Ocean Islander / Banaban"},{"code":"37135","display":"Papuan / New Guinean / Irian Jayan"},{"code":"37136","display":"Phoenix Islander"},{"code":"37137","display":"Pitcairn Islander"},{"code":"37138","display":"Rotuman / Rotuman Islander"},{"code":"37139","display":"Santa Cruz Islander"},{"code":"37140","display":"Society Islander (including Tahitian)"},{"code":"37141","display":"Solomon Islander"},{"code":"37142","display":"Torres Strait Islander / Thursday Islander"},{"code":"37143","display":"Tuamotu Islander"},{"code":"37144","display":"Tuvalu Islander / Ellice Islander"},{"code":"37145","display":"Vanuatu Islander / New Hebridean"},{"code":"37146","display":"Wake Islander"},{"code":"37147","display":"Wallis Islander"},{"code":"37148","display":"Yap Islander"},{"code":"37199","display":"Other Pacific peoples NEC"},{"code":"40000","display":"Asian NFD"},{"code":"41000","display":"Southeast Asian NFD"},{"code":"41111","display":"Filipino"},{"code":"41211","display":"Khmer / Kampuchean / Cambodian"},{"code":"41311","display":"Vietnamese"},{"code":"41411","display":"Burmese"},{"code":"41412","display":"Indonesian (including Javanese / Sundanese / Sumatran)"},{"code":"41413","display":"Lao / Laotian"},{"code":"41414","display":"Malay / Malayan"},{"code":"41415","display":"Thai / Tai / Siamese"},{"code":"41499","display":"Other Southeast Asian NEC"},{"code":"42100","display":"Chinese NFD"},{"code":"42111","display":"Hong Kong Chinese"},{"code":"42112","display":"Kampuchean Chinese"},{"code":"42113","display":"Malaysian Chinese"},{"code":"42114","display":"Singaporean Chinese"},{"code":"42115","display":"Vietnamese Chinese"},{"code":"42116","display":"Taiwanese Chinese"},{"code":"42199","display":"Chinese NEC"},{"code":"43100","display":"Indian NFD"},{"code":"43111","display":"Bengali"},{"code":"43112","display":"Fijian Indian / Indo-Fijian"},{"code":"43113","display":"Gujarati"},{"code":"43114","display":"Tamil"},{"code":"43115","display":"Punjabi"},{"code":"43116","display":"Sikh"},{"code":"43117","display":"Anglo Indian"},{"code":"43199","display":"Indian NEC"},{"code":"44100","display":"Sri Lankan NFD"},{"code":"44111","display":"Sinhalese"},{"code":"44112","display":"Sri Lankan Tamil"},{"code":"44199","display":"Sri Lankan NEC"},{"code":"44211","display":"Japanese"},{"code":"44311","display":"Korean"},{"code":"44411","display":"Afghani"},{"code":"44412","display":"Bangladeshi"},{"code":"44413","display":"Nepalese"},{"code":"44414","display":"Pakistani"},{"code":"44415","display":"Tibetan"},{"code":"44416","display":"Eurasian"},{"code":"44499","display":"Other Asian NEC"},{"code":"51100","display":"Middle Eastern NFD"},{"code":"51111","display":"Algerian"},{"code":"51112","display":"Arab"},{"code":"51113","display":"Assyrian"},{"code":"51114","display":"Egyptian"},{"code":"51115","display":"Iranian / Persian"},{"code":"51116","display":"Iraqi"},{"code":"51117","display":"Israeli / Jewish / Hebrew"},{"code":"51118","display":"Jordanian"},{"code":"51119","display":"Kurd"},{"code":"51120","display":"Lebanese"},{"code":"51121","display":"Libyan"},{"code":"51122","display":"Moroccan"},{"code":"51123","display":"Omani"},{"code":"51124","display":"Palestinian"},{"code":"51125","display":"Syrian"},{"code":"51126","display":"Tunisian"},{"code":"51127","display":"Turkish (including Turkish Cypriot)"},{"code":"51128","display":"Yemeni"},{"code":"51199","display":"Middle Eastern NEC"},{"code":"52100","display":"Latin American / Hispanic NFD"},{"code":"52111","display":"Argentinian"},{"code":"52112","display":"Bolivian"},{"code":"52113","display":"Brazilian"},{"code":"52114","display":"Chilean"},{"code":"52115","display":"Colombian"},{"code":"52116","display":"Costa Rican"},{"code":"52117","display":"Creole (Latin America)"},{"code":"52118","display":"Ecuadorian"},{"code":"52119","display":"Guatemalan"},{"code":"52120","display":"Guyanese"},{"code":"52121","display":"Honduran"},{"code":"52122","display":"Malvinian (Spanish-speaking Falkland Islander)"},{"code":"52123","display":"Mexican"},{"code":"52124","display":"Nicaraguan"},{"code":"52125","display":"Panamanian"},{"code":"52126","display":"Paraguayan"},{"code":"52127","display":"Peruvian"},{"code":"52128","display":"Puerto Rican"},{"code":"52129","display":"Uruguayan"},{"code":"52130","display":"Venezuelan"},{"code":"52199","display":"Latin American / Hispanic NEC"},{"code":"53100","display":"African NFD"},{"code":"53112","display":"Creole (US)"},{"code":"53113","display":"Jamaican"},{"code":"53114","display":"Kenyan"},{"code":"53115","display":"Nigerian"},{"code":"53116","display":"African American"},{"code":"53117","display":"Ugandan"},{"code":"53118","display":"West Indian / Caribbean"},{"code":"53119","display":"Somali"},{"code":"53120","display":"Eritrean"},{"code":"53121","display":"Ethiopian"},{"code":"53122","display":"Ghanaian"},{"code":"53199","display":"Other African NEC"},{"code":"61111","display":"Central American Indian"},{"code":"61112","display":"Inuit / Eskimo"},{"code":"61113","display":"North American Indian"},{"code":"61114","display":"South American Indian"},{"code":"61115","display":"Mauritian"},{"code":"61116","display":"Seychelles Islander"},{"code":"61117","display":"South African Coloured"},{"code":"61118","display":"New Zealander"},{"code":"61199","display":"Other NEC"},{"code":"94444","display":"Don't know"},{"code":"95555","display":"Refused to answer"},{"code":"96666","display":"Repeated Value"},{"code":"97777","display":"Response unidentifiable"},{"code":"98888","display":"Response Outside Scope"},{"code":"99999","display":"Not stated"}]}]}}