{
  "resourceType" : "Bundle",
  "id" : "a4b26394-719d-4629-bfe5-21a3965fd8ba",
  "meta" : {
    "lastUpdated" : "2019-04-09T11:44:17.893+12:00"
  },
  "type" : "collection",
  "entry" : [{
    "fullUrl" : "https://standards.digital.health.nz/valueset/NzCitizenship",
    "resource" : {
      "resourceType" : "ValueSet",
      "id" : "NzCitizenship",
      "text" : {
        "status" : "generated",
        "div" : "<div xmlns=\"http://www.w3.org/1999/xhtml\"><p>This value set contains 3 concepts</p><p style=\"border: black 1px dotted; background-color: #EEEEEE; padding: 8px\">Expansion based on https://standards.digital.health.nz/codesystem/NzCitizenship version 1.0.1</p><p>All codes from system <a href=\"CodeSystem-NzCitizenship.html\"><code>https://standards.digital.health.nz/codesystem/NzCitizenship</code></a></p><table class=\"codes\"><tr><td style=\"white-space:nowrap\"><b>Code</b></td><td><b>Display</b></td><td><b>Definition</b></td></tr><tr><td style=\"white-space:nowrap\"><a name=\"https---standards.digital.health.nz-codesystem-NzCitizenship-Y\"> </a><a href=\"CodeSystem-NzCitizenship.html#NzCitizenship-Y\">Y</a></td><td>Is a citizen</td><td/></tr><tr><td style=\"white-space:nowrap\"><a name=\"https---standards.digital.health.nz-codesystem-NzCitizenship-N\"> </a><a href=\"CodeSystem-NzCitizenship.html#NzCitizenship-N\">N</a></td><td>Is NOT a citizen</td><td/></tr><tr><td style=\"white-space:nowrap\"><a name=\"https---standards.digital.health.nz-codesystem-NzCitizenship-U\"> </a><a href=\"CodeSystem-NzCitizenship.html#NzCitizenship-U\">U</a></td><td>Citizenship status unknown</td><td/></tr></table></div>"
      },
      "url" : "https://standards.digital.health.nz/valueset/NzCitizenship",
      "name" : "NzCitizenship",
      "status" : "draft",
      "date" : "2019-04-09T11:44:17+12:00",
      "publisher" : "David Hay",
      "contact" : [{
        "telecom" : [{
          "system" : "url",
          "value" : "http://hl7.org/fhir"
        },
        {
          "system" : "email",
          "value" : "david.hay25@gmail.com"
        }]
      }],
      "description" : "New Zealand Citizenship status",
      "immutable" : true,
      "expansion" : {
        "identifier" : "urn:uuid:712c4584-043a-48fa-a312-b456e2c6fec1",
        "timestamp" : "2019-04-09T11:44:22+12:00",
        "total" : 3,
        "parameter" : [{
          "name" : "excludeNested",
          "valueBoolean" : false
        },
        {
          "name" : "version",
          "valueUri" : "https://standards.digital.health.nz/codesystem/NzCitizenship|1.0.1"
        }],
        "contains" : [{
          "system" : "https://standards.digital.health.nz/codesystem/NzCitizenship",
          "code" : "Y",
          "display" : "Is a citizen"
        },
        {
          "system" : "https://standards.digital.health.nz/codesystem/NzCitizenship",
          "code" : "N",
          "display" : "Is NOT a citizen"
        },
        {
          "system" : "https://standards.digital.health.nz/codesystem/NzCitizenship",
          "code" : "U",
          "display" : "Citizenship status unknown"
        }]
      }
    }
  }]
}