{"resourceType":"CodeSystem","id":"nzinfosource","text":{"status":"generated","div":"<div xmlns=\"http://www.w3.org/1999/xhtml\"><h2>New Zealand Information source for DOB &amp; DOD</h2><p>This code system https://standards.digital.health.nz/codesystem/nzinfosource defines the following codes:</p><table class=\"codes\"><tr><td style=\"white-space:nowrap\"><b>Code</b></td><td><b>Display</b></td><td><b>Definition</b></td></tr><tr><td style=\"white-space:nowrap\">BRCT<a name=\"nzinfosource-BRCT\"> </a></td><td>Birth Certificate</td><td>The source of the information was from a Birth Certificate</td></tr><tr><td style=\"white-space:nowrap\">BREG<a name=\"nzinfosource-BREG\"> </a></td><td>Birth Register</td><td/></tr><tr><td style=\"white-space:nowrap\">HL7<a name=\"nzinfosource-HL7\"> </a></td><td>HL7 applied</td><td/></tr><tr><td style=\"white-space:nowrap\">MIGR<a name=\"nzinfosource-MIGR\"> </a></td><td>Migrated</td><td/></tr><tr><td style=\"white-space:nowrap\">NPRF<a name=\"nzinfosource-NPRF\"> </a></td><td>Proof not sighted</td><td/></tr><tr><td style=\"white-space:nowrap\">NZCI<a name=\"nzinfosource-NZCI\"> </a></td><td>New Zealand Certificate of Identity</td><td/></tr><tr><td style=\"white-space:nowrap\">NZCT<a name=\"nzinfosource-NZCT\"> </a></td><td>New Zealand Citizenship Certificate</td><td/></tr><tr><td style=\"white-space:nowrap\">NZET<a name=\"nzinfosource-NZET\"> </a></td><td>New Zealand Emergency Travel Document</td><td/></tr><tr><td style=\"white-space:nowrap\">NZRT<a name=\"nzinfosource-NZRT\"> </a></td><td>New Zealand Refugee Travel Document</td><td/></tr><tr><td style=\"white-space:nowrap\">OTHR<a name=\"nzinfosource-OTHR\"> </a></td><td>Other</td><td/></tr><tr><td style=\"white-space:nowrap\">PPRT<a name=\"nzinfosource-PPRT\"> </a></td><td>Passport</td><td/></tr><tr><td style=\"white-space:nowrap\">NZRS<a name=\"nzinfosource-NZRS\"> </a></td><td>New Zealand Residency</td><td/></tr><tr><td style=\"white-space:nowrap\">TRANS<a name=\"nzinfosource-TRANS\"> </a></td><td>Transition Default</td><td/></tr><tr><td style=\"white-space:nowrap\">NZPV<a name=\"nzinfosource-NZPV\"> </a></td><td>New Zealand Permanent Visa</td><td/></tr><tr><td style=\"white-space:nowrap\">NZTV<a name=\"nzinfosource-NZTV\"> </a></td><td>New Zealand Resident Visa</td><td/></tr></table></div>"},"url":"https://standards.digital.health.nz/codesystem/nzinfosource","name":"New Zealand Information source for DOB & DOD","status":"draft","date":"2019-04-09T11:44:17+12:00","publisher":"David Hay","contact":[{"name":"david hay","telecom":[{"system":"email","value":"david.hay25@gmail.com"}]}],"content":"complete","concept":[{"code":"BRCT","display":"Birth Certificate","definition":"The source of the information was from a Birth Certificate"},{"code":"BREG","display":"Birth Register"},{"code":"HL7","display":"HL7 applied"},{"code":"MIGR","display":"Migrated"},{"code":"NPRF","display":"Proof not sighted"},{"code":"NZCI","display":"New Zealand Certificate of Identity"},{"code":"NZCT","display":"New Zealand Citizenship Certificate"},{"code":"NZET","display":"New Zealand Emergency Travel Document"},{"code":"NZRT","display":"New Zealand Refugee Travel Document"},{"code":"OTHR","display":"Other"},{"code":"PPRT","display":"Passport"},{"code":"NZRS","display":"New Zealand Residency"},{"code":"TRANS","display":"Transition Default"},{"code":"NZPV","display":"New Zealand Permanent Visa"},{"code":"NZTV","display":"New Zealand Resident Visa"}]}