{"resourceType":"StructureDefinition","id":"nhipatient","text":{"status":"generated","div":"<div xmlns=\"http://www.w3.org/1999/xhtml\"><table border=\"0\" cellpadding=\"0\" cellspacing=\"0\" style=\"border: 0px #F0F0F0 solid; font-size: 11px; font-family: verdana; vertical-align: top;\"><tr style=\"border: 1px #F0F0F0 solid; font-size: 11px; font-family: verdana; vertical-align: top;\"><th style=\"vertical-align: top; text-align : left; background-color: white; border: 0px #F0F0F0 solid; padding:0px 4px 0px 4px\" class=\"hierarchy\"><a href=\"http://hl7.org/fhir/STU3/formats.html#table\" title=\"The logical name of the element\">Name</a></th><th style=\"vertical-align: top; text-align : left; background-color: white; border: 0px #F0F0F0 solid; padding:0px 4px 0px 4px\" class=\"hierarchy\"><a href=\"http://hl7.org/fhir/STU3/formats.html#table\" title=\"Information about the use of the element\">Flags</a></th><th style=\"vertical-align: top; text-align : left; background-color: white; border: 0px #F0F0F0 solid; padding:0px 4px 0px 4px\" class=\"hierarchy\"><a href=\"http://hl7.org/fhir/STU3/formats.html#table\" title=\"Minimum and Maximum # of times the the element can appear in the instance\">Card.</a></th><th style=\"width: 100px\" class=\"hierarchy\"><a href=\"http://hl7.org/fhir/STU3/formats.html#table\" title=\"Reference to the type of the element\">Type</a></th><th style=\"vertical-align: top; text-align : left; background-color: white; border: 0px #F0F0F0 solid; padding:0px 4px 0px 4px\" class=\"hierarchy\"><a href=\"http://hl7.org/fhir/STU3/formats.html#table\" title=\"Additional information about the element\">Description &amp; Constraints</a><span style=\"float: right\"><a href=\"http://hl7.org/fhir/STU3/formats.html#table\" title=\"Legend for this format\"><img src=\"http://hl7.org/fhir/STU3/help16.png\" alt=\"doco\" style=\"background-color: inherit\"/></a></span></th></tr><tr style=\"border: 0px #F0F0F0 solid; padding:0px; vertical-align: top; background-color: white;\"><td style=\"vertical-align: top; text-align : left; background-color: white; border: 0px #F0F0F0 solid; padding:0px 4px 0px 4px; white-space: nowrap; background-image: url(tbl_bck1.png)\" class=\"hierarchy\"><img src=\"tbl_spacer.png\" alt=\".\" style=\"background-color: inherit\" class=\"hierarchy\"/><img src=\"icon_element.gif\" alt=\".\" style=\"background-color: white; background-color: inherit\" title=\"Element\" class=\"hierarchy\"/> <span title=\"null\">Patient</span><a name=\"Patient\"> </a></td><td style=\"vertical-align: top; text-align : left; background-color: white; border: 0px #F0F0F0 solid; padding:0px 4px 0px 4px\" class=\"hierarchy\"/><td style=\"vertical-align: top; text-align : left; background-color: white; border: 0px #F0F0F0 solid; padding:0px 4px 0px 4px\" class=\"hierarchy\"/><td style=\"vertical-align: top; text-align : left; background-color: white; border: 0px #F0F0F0 solid; padding:0px 4px 0px 4px\" class=\"hierarchy\"/><td style=\"vertical-align: top; text-align : left; background-color: white; border: 0px #F0F0F0 solid; padding:0px 4px 0px 4px\" class=\"hierarchy\"/></tr>\r\n<tr style=\"border: 0px #F0F0F0 solid; padding:0px; vertical-align: top; background-color: white;\"><td style=\"vertical-align: top; text-align : left; background-color: white; border: 0px #F0F0F0 solid; padding:0px 4px 0px 4px; white-space: nowrap; background-image: url(tbl_bck12.png)\" class=\"hierarchy\"><img src=\"tbl_spacer.png\" alt=\".\" style=\"background-color: inherit\" class=\"hierarchy\"/><img src=\"tbl_vjoin.png\" alt=\".\" style=\"background-color: inherit\" class=\"hierarchy\"/><img src=\"icon_extension_simple.png\" alt=\".\" style=\"background-color: white; background-color: inherit\" title=\"Simple Extension\" class=\"hierarchy\"/> <span title=\"null\">extension</span><a name=\"Patient.extension\"> </a></td><td style=\"vertical-align: top; text-align : left; background-color: white; border: 0px #F0F0F0 solid; padding:0px 4px 0px 4px\" class=\"hierarchy\"/><td style=\"vertical-align: top; text-align : left; background-color: white; border: 0px #F0F0F0 solid; padding:0px 4px 0px 4px\" class=\"hierarchy\"/><td style=\"vertical-align: top; text-align : left; background-color: white; border: 0px #F0F0F0 solid; padding:0px 4px 0px 4px\" class=\"hierarchy\"/><td style=\"vertical-align: top; text-align : left; background-color: white; border: 0px #F0F0F0 solid; padding:0px 4px 0px 4px\" class=\"hierarchy\"><span style=\"font-weight:bold\">Slice: </span>Unordered, Open by value:url</td></tr>\r\n<tr style=\"border: 0px #F0F0F0 solid; padding:0px; vertical-align: top; background-color: white;\"><td style=\"vertical-align: top; text-align : left; background-color: white; border: 0px #F0F0F0 solid; padding:0px 4px 0px 4px; white-space: nowrap; background-image: url(tbl_bck14.png)\" class=\"hierarchy\"><img src=\"tbl_spacer.png\" alt=\".\" style=\"background-color: inherit\" class=\"hierarchy\"/><img src=\"tbl_vjoin.png\" alt=\".\" style=\"background-color: inherit\" class=\"hierarchy\"/><img src=\"icon_extension_simple.png\" alt=\".\" style=\"background-color: white; background-color: inherit\" title=\"Simple Extension\" class=\"hierarchy\"/> <span title=\"Extension URL = http://hl7.org.nz/fhir/StructureDefinition/nzethnicity\">nzethnicity</span><a name=\"Patient.extension\"> </a></td><td style=\"vertical-align: top; text-align : left; background-color: white; border: 0px #F0F0F0 solid; padding:0px 4px 0px 4px\" class=\"hierarchy\"/><td style=\"vertical-align: top; text-align : left; background-color: white; border: 0px #F0F0F0 solid; padding:0px 4px 0px 4px\" class=\"hierarchy\">0..1</td><td style=\"vertical-align: top; text-align : left; background-color: white; border: 0px #F0F0F0 solid; padding:0px 4px 0px 4px\" class=\"hierarchy\"><a href=\"http://hl7.org/fhir/STU3/datatypes.html#CodeableConcept\">CodeableConcept</a></td><td style=\"vertical-align: top; text-align : left; background-color: white; border: 0px #F0F0F0 solid; padding:0px 4px 0px 4px\" class=\"hierarchy\">Optional Extensions Element<br/><span style=\"font-weight:bold\">URL: </span><a href=\"http://hl7.org/fhir/STU3/StructureDefinition-nzethnicity.html\">http://hl7.org.nz/fhir/StructureDefinition/nzethnicity</a><br/><span style=\"font-weight:bold\">Binding: </span><a href=\"ValueSet-ethnic-group-level-4.html\">NZ Ethnicity Level 4</a> (<a href=\"http://hl7.org/fhir/STU3/terminologies.html#extensible\" title=\"To be conformant, the concept in this element SHALL be from the specified value set if any of the codes within the value set can apply to the concept being communicated.  If the value set does not cover the concept (based on human review), alternate codings (or, data type allowing, text) may be included instead.\">extensible</a>)</td></tr>\r\n<tr style=\"border: 0px #F0F0F0 solid; padding:0px; vertical-align: top; background-color: white;\"><td style=\"vertical-align: top; text-align : left; background-color: white; border: 0px #F0F0F0 solid; padding:0px 4px 0px 4px; white-space: nowrap; background-image: url(tbl_bck14.png)\" class=\"hierarchy\"><img src=\"tbl_spacer.png\" alt=\".\" style=\"background-color: inherit\" class=\"hierarchy\"/><img src=\"tbl_vjoin.png\" alt=\".\" style=\"background-color: inherit\" class=\"hierarchy\"/><img src=\"icon_extension_simple.png\" alt=\".\" style=\"background-color: white; background-color: inherit\" title=\"Simple Extension\" class=\"hierarchy\"/> <span title=\"Extension URL = http://hl7.org.nz/fhir/StructureDefinition/patient-birthplace\">patient-birthplace</span><a name=\"Patient.extension\"> </a></td><td style=\"vertical-align: top; text-align : left; background-color: white; border: 0px #F0F0F0 solid; padding:0px 4px 0px 4px\" class=\"hierarchy\"/><td style=\"vertical-align: top; text-align : left; background-color: white; border: 0px #F0F0F0 solid; padding:0px 4px 0px 4px\" class=\"hierarchy\">0..1</td><td style=\"vertical-align: top; text-align : left; background-color: white; border: 0px #F0F0F0 solid; padding:0px 4px 0px 4px\" class=\"hierarchy\"><a href=\"http://hl7.org/fhir/STU3/datatypes.html#string\">string</a></td><td style=\"vertical-align: top; text-align : left; background-color: white; border: 0px #F0F0F0 solid; padding:0px 4px 0px 4px\" class=\"hierarchy\">Optional Extensions Element<br/><span style=\"font-weight:bold\">URL: </span><a href=\"http://hl7.org/fhir/STU3/StructureDefinition-patient-birthplace.html\">http://hl7.org.nz/fhir/StructureDefinition/patient-birthplace</a></td></tr>\r\n<tr style=\"border: 0px #F0F0F0 solid; padding:0px; vertical-align: top; background-color: white;\"><td style=\"vertical-align: top; text-align : left; background-color: white; border: 0px #F0F0F0 solid; padding:0px 4px 0px 4px; white-space: nowrap; background-image: url(tbl_bck14.png)\" class=\"hierarchy\"><img src=\"tbl_spacer.png\" alt=\".\" style=\"background-color: inherit\" class=\"hierarchy\"/><img src=\"tbl_vjoin.png\" alt=\".\" style=\"background-color: inherit\" class=\"hierarchy\"/><img src=\"icon_extension_complex.png\" alt=\".\" style=\"background-color: white; background-color: inherit\" title=\"Complex Extension\" class=\"hierarchy\"/> <span title=\"Extension URL = http://hl7.org.nz/fhir/StructureDefinition/patient-nzcitizenship\">patient-nzcitizenship</span><a name=\"Patient.extension\"> </a></td><td style=\"vertical-align: top; text-align : left; background-color: white; border: 0px #F0F0F0 solid; padding:0px 4px 0px 4px\" class=\"hierarchy\"/><td style=\"vertical-align: top; text-align : left; background-color: white; border: 0px #F0F0F0 solid; padding:0px 4px 0px 4px\" class=\"hierarchy\">0..1</td><td style=\"vertical-align: top; text-align : left; background-color: white; border: 0px #F0F0F0 solid; padding:0px 4px 0px 4px\" class=\"hierarchy\">(Complex)</td><td style=\"vertical-align: top; text-align : left; background-color: white; border: 0px #F0F0F0 solid; padding:0px 4px 0px 4px\" class=\"hierarchy\">Optional Extensions Element<br/><span style=\"font-weight:bold\">URL: </span><a href=\"http://hl7.org/fhir/STU3/StructureDefinition-patient-nzcitizenship.html\">http://hl7.org.nz/fhir/StructureDefinition/patient-nzcitizenship</a></td></tr>\r\n<tr style=\"border: 0px #F0F0F0 solid; padding:0px; vertical-align: top; background-color: white;\"><td style=\"vertical-align: top; text-align : left; background-color: white; border: 0px #F0F0F0 solid; padding:0px 4px 0px 4px; white-space: nowrap; background-image: url(tbl_bck12.png)\" class=\"hierarchy\"><img src=\"tbl_spacer.png\" alt=\".\" style=\"background-color: inherit\" class=\"hierarchy\"/><img src=\"tbl_vjoin.png\" alt=\".\" style=\"background-color: inherit\" class=\"hierarchy\"/><img src=\"icon_slice.png\" alt=\".\" style=\"background-color: white; background-color: inherit\" title=\"Slice Definition\" class=\"hierarchy\"/> <span style=\"font-style: italic\" title=\"null\">identifier</span><a name=\"Patient.identifier\"> </a></td><td style=\"vertical-align: top; text-align : left; background-color: white; border: 0px #F0F0F0 solid; padding:0px 4px 0px 4px\" class=\"hierarchy\"/><td style=\"vertical-align: top; text-align : left; background-color: white; border: 0px #F0F0F0 solid; padding:0px 4px 0px 4px\" class=\"hierarchy\"/><td style=\"vertical-align: top; text-align : left; background-color: white; border: 0px #F0F0F0 solid; padding:0px 4px 0px 4px\" class=\"hierarchy\"/><td style=\"vertical-align: top; text-align : left; background-color: white; border: 0px #F0F0F0 solid; padding:0px 4px 0px 4px\" class=\"hierarchy\"><span style=\"font-weight:bold; font-style: italic\">Slice: </span><span style=\"font-style: italic\">Unordered, Open by value:system</span></td></tr>\r\n<tr style=\"border: 0px #F0F0F0 solid; padding:0px; vertical-align: top; background-color: white;\"><td style=\"vertical-align: top; text-align : left; background-color: white; border: 0px #F0F0F0 solid; padding:0px 4px 0px 4px; white-space: nowrap; background-image: url(tbl_bck14.png)\" class=\"hierarchy\"><img src=\"tbl_spacer.png\" alt=\".\" style=\"background-color: inherit\" class=\"hierarchy\"/><img src=\"tbl_vjoin.png\" alt=\".\" style=\"background-color: inherit\" class=\"hierarchy\"/><img src=\"icon_datatype.gif\" alt=\".\" style=\"background-color: white; background-color: inherit\" title=\"Data Type\" class=\"hierarchy\"/> <span title=\"Slice NHI: The National Health Idenitifier\">identifier</span><a name=\"Patient.identifier\"> </a></td><td style=\"vertical-align: top; text-align : left; background-color: white; border: 0px #F0F0F0 solid; padding:0px 4px 0px 4px\" class=\"hierarchy\"/><td style=\"vertical-align: top; text-align : left; background-color: white; border: 0px #F0F0F0 solid; padding:0px 4px 0px 4px\" class=\"hierarchy\">1..1</td><td style=\"vertical-align: top; text-align : left; background-color: white; border: 0px #F0F0F0 solid; padding:0px 4px 0px 4px\" class=\"hierarchy\"><a href=\"http://hl7.org/fhir/STU3/datatypes.html#Identifier\">Identifier</a></td><td style=\"vertical-align: top; text-align : left; background-color: white; border: 0px #F0F0F0 solid; padding:0px 4px 0px 4px\" class=\"hierarchy\">NHI<br/><span style=\"font-weight:bold\">Fixed Value: </span><span style=\"color: darkgreen\">{&quot;system&quot;:&quot;https://standards.digital.health.nz/id/nhi&quot;}</span></td></tr>\r\n<tr style=\"border: 0px #F0F0F0 solid; padding:0px; vertical-align: top; background-color: white;\"><td style=\"vertical-align: top; text-align : left; background-color: white; border: 0px #F0F0F0 solid; padding:0px 4px 0px 4px; white-space: nowrap; background-image: url(tbl_bck14.png)\" class=\"hierarchy\"><img src=\"tbl_spacer.png\" alt=\".\" style=\"background-color: inherit\" class=\"hierarchy\"/><img src=\"tbl_vjoin.png\" alt=\".\" style=\"background-color: inherit\" class=\"hierarchy\"/><img src=\"icon_datatype.gif\" alt=\".\" style=\"background-color: white; background-color: inherit\" title=\"Data Type\" class=\"hierarchy\"/> <span title=\"Slice identifier: Other identifiers that may be exchanged\">identifier</span><a name=\"Patient.identifier\"> </a></td><td style=\"vertical-align: top; text-align : left; background-color: white; border: 0px #F0F0F0 solid; padding:0px 4px 0px 4px\" class=\"hierarchy\"/><td style=\"vertical-align: top; text-align : left; background-color: white; border: 0px #F0F0F0 solid; padding:0px 4px 0px 4px\" class=\"hierarchy\">0..*</td><td style=\"vertical-align: top; text-align : left; background-color: white; border: 0px #F0F0F0 solid; padding:0px 4px 0px 4px\" class=\"hierarchy\"><a href=\"http://hl7.org/fhir/STU3/datatypes.html#Identifier\">Identifier</a></td><td style=\"vertical-align: top; text-align : left; background-color: white; border: 0px #F0F0F0 solid; padding:0px 4px 0px 4px\" class=\"hierarchy\">An identifier for this patient<br/></td></tr>\r\n<tr style=\"border: 0px #F0F0F0 solid; padding:0px; vertical-align: top; background-color: white;\"><td style=\"vertical-align: top; text-align : left; background-color: white; border: 0px #F0F0F0 solid; padding:0px 4px 0px 4px; white-space: nowrap; background-image: url(tbl_bck01.png)\" class=\"hierarchy\"><img src=\"tbl_spacer.png\" alt=\".\" style=\"background-color: inherit\" class=\"hierarchy\"/><img src=\"tbl_vjoin_end.png\" alt=\".\" style=\"background-color: inherit\" class=\"hierarchy\"/><img src=\"icon_primitive.png\" alt=\".\" style=\"background-color: white; background-color: inherit\" title=\"Primitive Data Type\" class=\"hierarchy\"/> <span title=\"The date of birth for the individual. Will always be included in an NHI interaction.\">birthDate</span><a name=\"Patient.birthDate\"> </a></td><td style=\"vertical-align: top; text-align : left; background-color: white; border: 0px #F0F0F0 solid; padding:0px 4px 0px 4px\" class=\"hierarchy\"/><td style=\"vertical-align: top; text-align : left; background-color: white; border: 0px #F0F0F0 solid; padding:0px 4px 0px 4px\" class=\"hierarchy\">1..1</td><td style=\"vertical-align: top; text-align : left; background-color: white; border: 0px #F0F0F0 solid; padding:0px 4px 0px 4px\" class=\"hierarchy\"><a href=\"http://hl7.org/fhir/STU3/datatypes.html#date\">date</a></td><td style=\"vertical-align: top; text-align : left; background-color: white; border: 0px #F0F0F0 solid; padding:0px 4px 0px 4px\" class=\"hierarchy\">The date of birth for the individual</td></tr>\r\n<tr style=\"border: 0px #F0F0F0 solid; padding:0px; vertical-align: top; background-color: white;\"><td style=\"vertical-align: top; text-align : left; background-color: white; border: 0px #F0F0F0 solid; padding:0px 4px 0px 4px; white-space: nowrap; background-image: url(tbl_bck004.png)\" class=\"hierarchy\"><img src=\"tbl_spacer.png\" alt=\".\" style=\"background-color: inherit\" class=\"hierarchy\"/><img src=\"tbl_blank.png\" alt=\".\" style=\"background-color: inherit\" class=\"hierarchy\"/><img src=\"tbl_vjoin_end.png\" alt=\".\" style=\"background-color: inherit\" class=\"hierarchy\"/><img src=\"icon_extension_simple.png\" alt=\".\" style=\"background-color: white; background-color: inherit\" title=\"Simple Extension\" class=\"hierarchy\"/> <span title=\"Extension URL = http://hl7.org.nz/fhir/StructureDefinition/informationsource\">informationsource</span><a name=\"Patient.birthDate.extension\"> </a></td><td style=\"vertical-align: top; text-align : left; background-color: white; border: 0px #F0F0F0 solid; padding:0px 4px 0px 4px\" class=\"hierarchy\"/><td style=\"vertical-align: top; text-align : left; background-color: white; border: 0px #F0F0F0 solid; padding:0px 4px 0px 4px\" class=\"hierarchy\">0..1</td><td style=\"vertical-align: top; text-align : left; background-color: white; border: 0px #F0F0F0 solid; padding:0px 4px 0px 4px\" class=\"hierarchy\"><a href=\"http://hl7.org/fhir/STU3/datatypes.html#CodeableConcept\" title=\"CodeableConcept\">CodeableConcept</a></td><td style=\"vertical-align: top; text-align : left; background-color: white; border: 0px #F0F0F0 solid; padding:0px 4px 0px 4px\" class=\"hierarchy\">Optional Extensions Element<br/><span style=\"font-weight:bold\">URL: </span><a href=\"http://hl7.org/fhir/STU3/StructureDefinition-informationsource.html\">http://hl7.org.nz/fhir/StructureDefinition/informationsource</a><br/><span style=\"font-weight:bold\">Binding: </span><a href=\"ValueSet-nzinfosource.html\">Information Source</a> (<a href=\"http://hl7.org/fhir/STU3/terminologies.html#extensible\" title=\"To be conformant, the concept in this element SHALL be from the specified value set if any of the codes within the value set can apply to the concept being communicated.  If the value set does not cover the concept (based on human review), alternate codings (or, data type allowing, text) may be included instead.\">extensible</a>)</td></tr>\r\n<tr><td colspan=\"5\" class=\"hierarchy\"><br/><a href=\"http://hl7.org/fhir/STU3/formats.html#table\" title=\"Legend for this format\"><img src=\"http://hl7.org/fhir/STU3/help16.png\" alt=\"doco\" style=\"background-color: inherit\"/> Documentation for this format</a></td></tr></table></div>"},"url":"http://hl7.org.nz/fhir/StructureDefinition/nhipatient","version":"0.1","name":"nhipatient","status":"draft","date":"2019-04-08T13:15:42+12:00","fhirVersion":"3.0.1","mapping":[{"identity":"rim","uri":"http://hl7.org/v3","name":"RIM Mapping"},{"identity":"cda","uri":"http://hl7.org/v3/cda","name":"CDA (R2)"},{"identity":"w5","uri":"http://hl7.org/fhir/w5","name":"W5 Mapping"},{"identity":"v2","uri":"http://hl7.org/v2","name":"HL7 v2 Mapping"},{"identity":"loinc","uri":"http://loinc.org","name":"LOINC code for the element"}],"kind":"resource","abstract":false,"type":"Patient","baseDefinition":"http://hl7.org/fhir/StructureDefinition/Patient","derivation":"constraint","snapshot":{"element":[{"id":"Patient","path":"Patient","short":"Information about an individual or animal receiving health care services","definition":"Demographics and other administrative information about an individual or animal receiving care or other health-related services.","alias":["SubjectOfCare Client Resident"],"min":0,"max":"*","base":{"path":"Patient","min":0,"max":"*"},"constraint":[{"key":"dom-2","severity":"error","human":"If the resource is contained in another resource, it SHALL NOT contain nested Resources","expression":"contained.contained.empty()","xpath":"not(parent::f:contained and f:contained)","source":"DomainResource"},{"key":"dom-1","severity":"error","human":"If the resource is contained in another resource, it SHALL NOT contain any narrative","expression":"contained.text.empty()","xpath":"not(parent::f:contained and f:text)","source":"DomainResource"},{"key":"dom-4","severity":"error","human":"If a resource is contained in another resource, it SHALL NOT have a meta.versionId or a meta.lastUpdated","expression":"contained.meta.versionId.empty() and contained.meta.lastUpdated.empty()","xpath":"not(exists(f:contained/*/f:meta/f:versionId)) and not(exists(f:contained/*/f:meta/f:lastUpdated))","source":"DomainResource"},{"key":"dom-3","severity":"error","human":"If the resource is contained in another resource, it SHALL be referred to from elsewhere in the resource","expression":"contained.where(('#'+id in %resource.descendants().reference).not()).empty()","xpath":"not(exists(for $id in f:contained/*/@id return $id[not(ancestor::f:contained/parent::*/descendant::f:reference/@value=concat('#', $id))]))","source":"DomainResource"}],"mapping":[{"identity":"rim","map":"Entity. Role, or Act"},{"identity":"rim","map":"Patient[classCode=PAT]"},{"identity":"cda","map":"ClinicalDocument.recordTarget.patientRole"},{"identity":"w5","map":"administrative.individual"}]},{"id":"Patient.id","path":"Patient.id","short":"Logical id of this artifact","definition":"The logical id of the resource, as used in the URL for the resource. Once assigned, this value never changes.","comment":"The only time that a resource does not have an id is when it is being submitted to the server using a create operation.","min":0,"max":"1","base":{"path":"Resource.id","min":0,"max":"1"},"type":[{"code":"id"}],"isSummary":true},{"id":"Patient.meta","path":"Patient.meta","short":"Metadata about the resource","definition":"The metadata about the resource. This is content that is maintained by the infrastructure. Changes to the content may not always be associated with version changes to the resource.","min":0,"max":"1","base":{"path":"Resource.meta","min":0,"max":"1"},"type":[{"code":"Meta"}],"isSummary":true},{"id":"Patient.implicitRules","path":"Patient.implicitRules","short":"A set of rules under which this content was created","definition":"A reference to a set of rules that were followed when the resource was constructed, and which must be understood when processing the content.","comment":"Asserting this rule set restricts the content to be only understood by a limited set of trading partners. This inherently limits the usefulness of the data in the long term. However, the existing health eco-system is highly fractured, and not yet ready to define, collect, and exchange data in a generally computable sense. Wherever possible, implementers and/or specification writers should avoid using this element. \n\nThis element is labelled as a modifier because the implicit rules may provide additional knowledge about the resource that modifies it's meaning or interpretation.","min":0,"max":"1","base":{"path":"Resource.implicitRules","min":0,"max":"1"},"type":[{"code":"uri"}],"isModifier":true,"isSummary":true},{"id":"Patient.language","path":"Patient.language","short":"Language of the resource content","definition":"The base language in which the resource is written.","comment":"Language is provided to support indexing and accessibility (typically, services such as text to speech use the language tag). The html language tag in the narrative applies  to the narrative. The language tag on the resource may be used to specify the language of other presentations generated from the data in the resource  Not all the content has to be in the base language. The Resource.language should not be assumed to apply to the narrative automatically. If a language is specified, it should it also be specified on the div element in the html (see rules in HTML5 for information about the relationship between xml:lang and the html lang attribute).","min":0,"max":"1","base":{"path":"Resource.language","min":0,"max":"1"},"type":[{"code":"code"}],"binding":{"extension":[{"url":"http://hl7.org/fhir/StructureDefinition/elementdefinition-maxValueSet","valueReference":{"reference":"http://hl7.org/fhir/ValueSet/all-languages"}},{"url":"http://hl7.org/fhir/StructureDefinition/elementdefinition-bindingName","valueString":"Language"},{"url":"http://hl7.org/fhir/StructureDefinition/elementdefinition-isCommonBinding","valueBoolean":true}],"strength":"extensible","description":"A human language.","valueSetReference":{"reference":"http://hl7.org/fhir/ValueSet/languages"}}},{"id":"Patient.text","path":"Patient.text","short":"Text summary of the resource, for human interpretation","definition":"A human-readable narrative that contains a summary of the resource, and may be used to represent the content of the resource to a human. The narrative need not encode all the structured data, but is required to contain sufficient detail to make it \"clinically safe\" for a human to just read the narrative. Resource definitions may define what content should be represented in the narrative to ensure clinical safety.","comment":"Contained resources do not have narrative. Resources that are not contained SHOULD have a narrative. In some cases, a resource may only have text with little or no additional discrete data (as long as all minOccurs=1 elements are satisfied).  This may be necessary for data from legacy systems where information is captured as a \"text blob\" or where text is additionally entered raw or narrated and encoded in formation is added later.","alias":["narrative","html","xhtml","display"],"min":0,"max":"1","base":{"path":"DomainResource.text","min":0,"max":"1"},"type":[{"code":"Narrative"}],"condition":["dom-1"],"mapping":[{"identity":"rim","map":"Act.text?"}]},{"id":"Patient.contained","path":"Patient.contained","short":"Contained, inline Resources","definition":"These resources do not have an independent existence apart from the resource that contains them - they cannot be identified independently, and nor can they have their own independent transaction scope.","comment":"This should never be done when the content can be identified properly, as once identification is lost, it is extremely difficult (and context dependent) to restore it again.","alias":["inline resources","anonymous resources","contained resources"],"min":0,"max":"*","base":{"path":"DomainResource.contained","min":0,"max":"*"},"type":[{"code":"Resource"}],"mapping":[{"identity":"rim","map":"N/A"}]},{"id":"Patient.extension","path":"Patient.extension","slicing":{"discriminator":[{"type":"value","path":"url"}],"rules":"open"},"short":"Extension","definition":"An Extension","min":0,"max":"*","base":{"path":"DomainResource.extension","min":0,"max":"*"},"type":[{"code":"Extension"}]},{"id":"Patient.extension:ethnicity","path":"Patient.extension","sliceName":"ethnicity","short":"Optional Extensions Element","definition":"Optional Extension Element - found in all resources.","min":0,"max":"1","base":{"path":"DomainResource.extension","min":0,"max":"*"},"type":[{"code":"Extension","profile":"http://hl7.org.nz/fhir/StructureDefinition/nzethnicity"}],"condition":["ele-1"],"constraint":[{"key":"ele-1","severity":"error","human":"All FHIR elements must have a @value or children","expression":"hasValue() | (children().count() > id.count())","xpath":"@value|f:*|h:div","source":"Element"},{"key":"ext-1","severity":"error","human":"Must have either extensions or value[x], not both","expression":"extension.exists() != value.exists()","xpath":"exists(f:extension)!=exists(f:*[starts-with(local-name(.), 'value')])","source":"Extension"}],"mapping":[{"identity":"rim","map":"n/a"},{"identity":"rim","map":"N/A"}]},{"id":"Patient.extension:placeOfBirth","path":"Patient.extension","sliceName":"placeOfBirth","short":"Optional Extensions Element","definition":"Optional Extension Element - found in all resources.","min":0,"max":"1","base":{"path":"DomainResource.extension","min":0,"max":"*"},"type":[{"code":"Extension","profile":"http://hl7.org.nz/fhir/StructureDefinition/patient-birthplace"}],"condition":["ele-1"],"constraint":[{"key":"ele-1","severity":"error","human":"All FHIR elements must have a @value or children","expression":"hasValue() | (children().count() > id.count())","xpath":"@value|f:*|h:div","source":"Element"},{"key":"ext-1","severity":"error","human":"Must have either extensions or value[x], not both","expression":"extension.exists() != value.exists()","xpath":"exists(f:extension)!=exists(f:*[starts-with(local-name(.), 'value')])","source":"Extension"}],"mapping":[{"identity":"rim","map":"n/a"},{"identity":"rim","map":"N/A"}]},{"id":"Patient.extension:nzcitizenship","path":"Patient.extension","sliceName":"nzcitizenship","short":"Optional Extensions Element","definition":"Optional Extension Element - found in all resources.","min":0,"max":"1","base":{"path":"DomainResource.extension","min":0,"max":"*"},"type":[{"code":"Extension","profile":"http://hl7.org.nz/fhir/StructureDefinition/patient-nzcitizenship"}],"condition":["ele-1"],"constraint":[{"key":"ele-1","severity":"error","human":"All FHIR elements must have a @value or children","expression":"hasValue() | (children().count() > id.count())","xpath":"@value|f:*|h:div","source":"Element"},{"key":"ext-1","severity":"error","human":"Must have either extensions or value[x], not both","expression":"extension.exists() != value.exists()","xpath":"exists(f:extension)!=exists(f:*[starts-with(local-name(.), 'value')])","source":"Extension"},{"key":"ext-1","severity":"error","human":"Must have either extensions or value[x], not both","expression":"extension.exists() != value.exists()","xpath":"exists(f:extension)!=exists(f:*[starts-with(local-name(.), 'value')])","source":"Extension"}],"mapping":[{"identity":"rim","map":"N/A"}]},{"id":"Patient.modifierExtension","path":"Patient.modifierExtension","short":"Extensions that cannot be ignored","definition":"May be used to represent additional information that is not part of the basic definition of the resource, and that modifies the understanding of the element that contains it. Usually modifier elements provide negation or qualification. In order to make the use of extensions safe and manageable, there is a strict set of governance applied to the definition and use of extensions. Though any implementer is allowed to define an extension, there is a set of requirements that SHALL be met as part of the definition of the extension. Applications processing a resource are required to check for modifier extensions.","comment":"There can be no stigma associated with the use of extensions by any application, project, or standard - regardless of the institution or jurisdiction that uses or defines the extensions.  The use of extensions is what allows the FHIR specification to retain a core level of simplicity for everyone.","alias":["extensions","user content"],"min":0,"max":"*","base":{"path":"DomainResource.modifierExtension","min":0,"max":"*"},"type":[{"code":"Extension"}],"isModifier":true,"mapping":[{"identity":"rim","map":"N/A"}]},{"id":"Patient.identifier","path":"Patient.identifier","slicing":{"discriminator":[{"type":"value","path":"system"}],"rules":"open"},"short":"An identifier for this patient","definition":"An identifier for this patient.","requirements":"Patients are almost always assigned specific numerical identifiers.","min":0,"max":"*","base":{"path":"Patient.identifier","min":0,"max":"*"},"type":[{"code":"Identifier"}],"isSummary":true,"mapping":[{"identity":"v2","map":"PID-3"},{"identity":"rim","map":"id"},{"identity":"cda","map":".id"},{"identity":"w5","map":"id"}]},{"id":"Patient.identifier:NHI","path":"Patient.identifier","sliceName":"NHI","label":"NHI","short":"NHI","definition":"The National Health Idenitifier","requirements":"Patients are almost always assigned specific numerical identifiers.","min":1,"max":"1","base":{"path":"Patient.identifier","min":0,"max":"*"},"type":[{"code":"Identifier"}],"fixedString":"{\"system\":\"https://standards.digital.health.nz/id/nhi\"}","isSummary":true,"mapping":[{"identity":"v2","map":"PID-3"},{"identity":"rim","map":"id"},{"identity":"cda","map":".id"},{"identity":"w5","map":"id"}]},{"id":"Patient.identifier:identifier","path":"Patient.identifier","sliceName":"identifier","label":"identifier","short":"An identifier for this patient","definition":"Other identifiers that may be exchanged","comment":"includes dormant and unrelated. Could use identifier.type to distinguish (though an extension might be better as type means something slightly different)","requirements":"Patients are almost always assigned specific numerical identifiers.","min":0,"max":"*","base":{"path":"Patient.identifier","min":0,"max":"*"},"type":[{"code":"Identifier"}],"isSummary":true,"mapping":[{"identity":"v2","map":"PID-3"},{"identity":"rim","map":"id"},{"identity":"cda","map":".id"},{"identity":"w5","map":"id"}]},{"id":"Patient.active","path":"Patient.active","short":"Whether this patient's record is in active use","definition":"Whether this patient record is in active use.","comment":"Default is true. If a record is inactive, and linked to an active record, then future patient/record updates should occur on the other patient\n\nThis element is labeled as a modifier because when the patient record is marked as not active it is not expected to be used/referenced without being changed back to active.","requirements":"Need to be able to mark a patient record as not to be used because it was created in error.","min":0,"max":"1","base":{"path":"Patient.active","min":0,"max":"1"},"type":[{"code":"boolean"}],"defaultValueBoolean":true,"isModifier":true,"isSummary":true,"mapping":[{"identity":"rim","map":"statusCode"},{"identity":"cda","map":"n/a"},{"identity":"w5","map":"status"}]},{"id":"Patient.name","path":"Patient.name","short":"A name associated with the patient","definition":"A name associated with the individual.","comment":"A patient may have multiple names with different uses or applicable periods. For animals, the name is a \"HumanName\" in the sense that is assigned and used by humans and has the same patterns.","requirements":"Need to be able to track the patient by multiple names. Examples are your official name and a partner name.","min":0,"max":"*","base":{"path":"Patient.name","min":0,"max":"*"},"type":[{"code":"HumanName"}],"isSummary":true,"mapping":[{"identity":"v2","map":"PID-5, PID-9"},{"identity":"rim","map":"name"},{"identity":"cda","map":".patient.name"}]},{"id":"Patient.telecom","path":"Patient.telecom","short":"A contact detail for the individual","definition":"A contact detail (e.g. a telephone number or an email address) by which the individual may be contacted.","comment":"A Patient may have multiple ways to be contacted with different uses or applicable periods.  May need to have options for contacting the person urgently and also to help with identification. The address may not go directly to the individual, but may reach another party that is able to proxy for the patient (i.e. home phone, or pet owner's phone).","requirements":"People have (primary) ways to contact them in some way such as phone, email.","min":0,"max":"*","base":{"path":"Patient.telecom","min":0,"max":"*"},"type":[{"code":"ContactPoint"}],"isSummary":true,"mapping":[{"identity":"v2","map":"PID-13, PID-14, PID-40"},{"identity":"rim","map":"telecom"},{"identity":"cda","map":".telecom"}]},{"id":"Patient.gender","path":"Patient.gender","short":"male | female | other | unknown","definition":"Administrative Gender - the gender that the patient is considered to have for administration and record keeping purposes.","comment":"The gender may not match the biological sex as determined by genetics, or the individual's preferred identification. Note that for both humans and particularly animals, there are other legitimate possibilities than M and F, though the vast majority of systems and contexts only support M and F.  Systems providing decision support or enforcing business rules should ideally do this on the basis of Observations dealing with the specific gender aspect of interest (anatomical, chromosonal, social, etc.)  However, because these observations are infrequently recorded, defaulting to the administrative gender is common practice.  Where such defaulting occurs, rule enforcement should allow for the variation between administrative and biological, chromosonal and other gender aspects.  For example, an alert about a hysterectomy on a male should be handled as a warning or overrideable error, not a \"hard\" error.","requirements":"Needed for identification of the individual, in combination with (at least) name and birth date. Gender of individual drives many clinical processes.","min":0,"max":"1","base":{"path":"Patient.gender","min":0,"max":"1"},"type":[{"code":"code"}],"isSummary":true,"binding":{"extension":[{"url":"http://hl7.org/fhir/StructureDefinition/elementdefinition-bindingName","valueString":"AdministrativeGender"},{"url":"http://hl7.org/fhir/StructureDefinition/elementdefinition-isCommonBinding","valueBoolean":true}],"strength":"required","description":"The gender of a person used for administrative purposes.","valueSetReference":{"reference":"http://hl7.org/fhir/ValueSet/administrative-gender"}},"mapping":[{"identity":"v2","map":"PID-8"},{"identity":"rim","map":"player[classCode=PSN|ANM and determinerCode=INSTANCE]/administrativeGender"},{"identity":"cda","map":".patient.administrativeGenderCode"}]},{"id":"Patient.birthDate","path":"Patient.birthDate","label":"birthDate","short":"The date of birth for the individual","definition":"The date of birth for the individual. Will always be included in an NHI interaction.","comment":"Will always be included in the NHI","requirements":"Age of the individual drives many clinical processes.","min":1,"max":"1","base":{"path":"Patient.birthDate","min":0,"max":"1"},"type":[{"code":"date"}],"isSummary":true,"mapping":[{"identity":"v2","map":"PID-7"},{"identity":"rim","map":"player[classCode=PSN|ANM and determinerCode=INSTANCE]/birthTime"},{"identity":"cda","map":".patient.birthTime"},{"identity":"loinc","map":"21112-8"}]},{"id":"Patient.birthDate.id","path":"Patient.birthDate.id","representation":["xmlAttr"],"short":"xml:id (or equivalent in JSON)","definition":"unique id for the element within a resource (for internal references)","min":0,"max":"1","base":{"path":"Element.id","min":0,"max":"1"},"type":[{"code":"string"}]},{"id":"Patient.birthDate.extension","path":"Patient.birthDate.extension","slicing":{"id":"1","discriminator":[{"type":"value","path":"url"}],"ordered":false,"rules":"open"},"short":"Extension","definition":"An Extension","min":0,"max":"*","base":{"path":"Element.extension","min":0,"max":"*"},"type":[{"code":"Extension"}]},{"id":"Patient.birthDate.extension:source","path":"Patient.birthDate.extension","sliceName":"source","short":"Optional Extensions Element","definition":"Optional Extension Element - found in all resources.","min":0,"max":"1","base":{"path":"Element.extension","min":0,"max":"*"},"type":[{"code":"Extension","profile":"http://hl7.org.nz/fhir/StructureDefinition/informationsource"}],"condition":["ele-1"],"constraint":[{"key":"ele-1","severity":"error","human":"All FHIR elements must have a @value or children","expression":"hasValue() | (children().count() > id.count())","xpath":"@value|f:*|h:div","source":"Element"},{"key":"ext-1","severity":"error","human":"Must have either extensions or value[x], not both","expression":"extension.exists() != value.exists()","xpath":"exists(f:extension)!=exists(f:*[starts-with(local-name(.), 'value')])","source":"Extension"}],"mapping":[{"identity":"rim","map":"n/a"},{"identity":"rim","map":"N/A"}]},{"id":"Patient.birthDate.value","path":"Patient.birthDate.value","representation":["xmlAttr"],"short":"Primitive value for date","definition":"The actual value","min":0,"max":"1","base":{"path":"date.value","min":0,"max":"1"},"type":[{"extension":[{"url":"http://hl7.org/fhir/StructureDefinition/structuredefinition-regex","valueString":"-?[0-9]{4}(-(0[1-9]|1[0-2])(-(0[0-9]|[1-2][0-9]|3[0-1]))?)?"}],"_code":{"extension":[{"url":"http://hl7.org/fhir/StructureDefinition/structuredefinition-json-type","valueString":"string"},{"url":"http://hl7.org/fhir/StructureDefinition/structuredefinition-xml-type","valueString":"xsd:gYear OR xsd:gYearMonth OR xsd:date"},{"url":"http://hl7.org/fhir/StructureDefinition/structuredefinition-rdf-type","valueString":"xsd:gYear OR xsd:gYearMonth OR xsd:date"}]}}]},{"id":"Patient.deceased[x]","path":"Patient.deceased[x]","short":"Indicates if the individual is deceased or not","definition":"Indicates if the individual is deceased or not.","comment":"If there's no value in the instance it means there is no statement on whether or not the individual is deceased. Most systems will interpret the absence of a value as a sign of the person being alive.\n\nThis element is labeled as a modifier because once a patient is marked as deceased, the actions that are appropriate to perform on the patient may be significantly different.","requirements":"The fact that a patient is deceased influences the clinical process. Also, in human communication and relation management it is necessary to know whether the person is alive.","min":0,"max":"1","base":{"path":"Patient.deceased[x]","min":0,"max":"1"},"type":[{"code":"boolean"},{"code":"dateTime"}],"isModifier":true,"isSummary":true,"mapping":[{"identity":"v2","map":"PID-30  (bool) and PID-29 (datetime)"},{"identity":"rim","map":"player[classCode=PSN|ANM and determinerCode=INSTANCE]/deceasedInd, player[classCode=PSN|ANM and determinerCode=INSTANCE]/deceasedTime"},{"identity":"cda","map":"n/a"}]},{"id":"Patient.address","path":"Patient.address","short":"Addresses for the individual","definition":"Addresses for the individual.","comment":"Patient may have multiple addresses with different uses or applicable periods.","requirements":"May need to keep track of patient addresses for contacting, billing or reporting requirements and also to help with identification.","min":0,"max":"*","base":{"path":"Patient.address","min":0,"max":"*"},"type":[{"code":"Address"}],"isSummary":true,"mapping":[{"identity":"v2","map":"PID-11"},{"identity":"rim","map":"addr"},{"identity":"cda","map":".addr"}]},{"id":"Patient.maritalStatus","path":"Patient.maritalStatus","short":"Marital (civil) status of a patient","definition":"This field contains a patient's most recent marital (civil) status.","requirements":"Most, if not all systems capture it.","min":0,"max":"1","base":{"path":"Patient.maritalStatus","min":0,"max":"1"},"type":[{"code":"CodeableConcept"}],"binding":{"extension":[{"url":"http://hl7.org/fhir/StructureDefinition/elementdefinition-bindingName","valueString":"MaritalStatus"},{"url":"http://hl7.org/fhir/StructureDefinition/elementdefinition-isCommonBinding","valueBoolean":true}],"strength":"extensible","description":"The domestic partnership status of a person.","valueSetReference":{"reference":"http://hl7.org/fhir/ValueSet/marital-status"}},"mapping":[{"identity":"v2","map":"PID-16"},{"identity":"rim","map":"player[classCode=PSN]/maritalStatusCode"},{"identity":"cda","map":".patient.maritalStatusCode"}]},{"id":"Patient.multipleBirth[x]","path":"Patient.multipleBirth[x]","short":"Whether patient is part of a multiple birth","definition":"Indicates whether the patient is part of a multiple (bool) or indicates the actual birth order (integer).","comment":"Where the valueInteger is provided, the number is the birth number in the sequence.\nE.g. The middle birth in tripplets would be valueInteger=2 and the third born would have valueInteger=3\nIf a bool value was provided for this tripplets examle, then all 3 patient records would have valueBool=true (the ordering is not indicated).","requirements":"For disambiguation of multiple-birth children, especially relevant where the care provider doesn't meet the patient, such as labs.","min":0,"max":"1","base":{"path":"Patient.multipleBirth[x]","min":0,"max":"1"},"type":[{"code":"boolean"},{"code":"integer"}],"mapping":[{"identity":"v2","map":"PID-24 (bool), PID-25 (integer)"},{"identity":"rim","map":"player[classCode=PSN|ANM and determinerCode=INSTANCE]/multipleBirthInd,  player[classCode=PSN|ANM and determinerCode=INSTANCE]/multipleBirthOrderNumber"},{"identity":"cda","map":"n/a"}]},{"id":"Patient.photo","path":"Patient.photo","short":"Image of the patient","definition":"Image of the patient.","requirements":"Many EHR systems have the capability to capture an image of the patient. Fits with newer social media usage too.","min":0,"max":"*","base":{"path":"Patient.photo","min":0,"max":"*"},"type":[{"code":"Attachment"}],"mapping":[{"identity":"v2","map":"OBX-5 - needs a profile"},{"identity":"rim","map":"player[classCode=PSN|ANM and determinerCode=INSTANCE]/desc"},{"identity":"cda","map":"n/a"}]},{"id":"Patient.contact","extension":[{"url":"http://hl7.org/fhir/StructureDefinition/structuredefinition-explicit-type-name","valueString":"Contact"}],"path":"Patient.contact","short":"A contact party (e.g. guardian, partner, friend) for the patient","definition":"A contact party (e.g. guardian, partner, friend) for the patient.","comment":"Contact covers all kinds of contact parties: family members, business contacts, guardians, caregivers. Not applicable to register pedigree and family ties beyond use of having contact.","requirements":"Need to track people you can contact about the patient.","min":0,"max":"*","base":{"path":"Patient.contact","min":0,"max":"*"},"type":[{"code":"BackboneElement"}],"constraint":[{"key":"ele-1","severity":"error","human":"All FHIR elements must have a @value or children","expression":"hasValue() | (children().count() > id.count())","xpath":"@value|f:*|h:div","source":"Element"},{"key":"pat-1","severity":"error","human":"SHALL at least contain a contact's details or a reference to an organization","expression":"name.exists() or telecom.exists() or address.exists() or organization.exists()","xpath":"exists(f:name) or exists(f:telecom) or exists(f:address) or exists(f:organization)"}],"mapping":[{"identity":"rim","map":"player[classCode=PSN|ANM and determinerCode=INSTANCE]/scopedRole[classCode=CON]"},{"identity":"cda","map":"n/a"}]},{"id":"Patient.contact.id","path":"Patient.contact.id","representation":["xmlAttr"],"short":"xml:id (or equivalent in JSON)","definition":"unique id for the element within a resource (for internal references). This may be any string value that does not contain spaces.","min":0,"max":"1","base":{"path":"Element.id","min":0,"max":"1"},"type":[{"code":"string"}],"mapping":[{"identity":"rim","map":"n/a"}]},{"id":"Patient.contact.extension","path":"Patient.contact.extension","short":"Additional Content defined by implementations","definition":"May be used to represent additional information that is not part of the basic definition of the element. In order to make the use of extensions safe and manageable, there is a strict set of governance  applied to the definition and use of extensions. Though any implementer is allowed to define an extension, there is a set of requirements that SHALL be met as part of the definition of the extension.","comment":"There can be no stigma associated with the use of extensions by any application, project, or standard - regardless of the institution or jurisdiction that uses or defines the extensions.  The use of extensions is what allows the FHIR specification to retain a core level of simplicity for everyone.","alias":["extensions","user content"],"min":0,"max":"*","base":{"path":"Element.extension","min":0,"max":"*"},"type":[{"code":"Extension"}],"mapping":[{"identity":"rim","map":"n/a"}]},{"id":"Patient.contact.modifierExtension","path":"Patient.contact.modifierExtension","short":"Extensions that cannot be ignored","definition":"May be used to represent additional information that is not part of the basic definition of the element, and that modifies the understanding of the element that contains it. Usually modifier elements provide negation or qualification. In order to make the use of extensions safe and manageable, there is a strict set of governance applied to the definition and use of extensions. Though any implementer is allowed to define an extension, there is a set of requirements that SHALL be met as part of the definition of the extension. Applications processing a resource are required to check for modifier extensions.","comment":"There can be no stigma associated with the use of extensions by any application, project, or standard - regardless of the institution or jurisdiction that uses or defines the extensions.  The use of extensions is what allows the FHIR specification to retain a core level of simplicity for everyone.","alias":["extensions","user content","modifiers"],"min":0,"max":"*","base":{"path":"BackboneElement.modifierExtension","min":0,"max":"*"},"type":[{"code":"Extension"}],"isModifier":true,"isSummary":true,"mapping":[{"identity":"rim","map":"N/A"}]},{"id":"Patient.contact.relationship","path":"Patient.contact.relationship","short":"The kind of relationship","definition":"The nature of the relationship between the patient and the contact person.","requirements":"Used to determine which contact person is the most relevant to approach, depending on circumstances.","min":0,"max":"*","base":{"path":"Patient.contact.relationship","min":0,"max":"*"},"type":[{"code":"CodeableConcept"}],"binding":{"extension":[{"url":"http://hl7.org/fhir/StructureDefinition/elementdefinition-bindingName","valueString":"ContactRelationship"}],"strength":"extensible","description":"The nature of the relationship between a patient and a contact person for that patient.","valueSetReference":{"reference":"http://hl7.org/fhir/ValueSet/v2-0131"}},"mapping":[{"identity":"v2","map":"NK1-7, NK1-3"},{"identity":"rim","map":"code"},{"identity":"cda","map":"n/a"}]},{"id":"Patient.contact.name","path":"Patient.contact.name","short":"A name associated with the contact person","definition":"A name associated with the contact person.","requirements":"Contact persons need to be identified by name, but it is uncommon to need details about multiple other names for that contact person.","min":0,"max":"1","base":{"path":"Patient.contact.name","min":0,"max":"1"},"type":[{"code":"HumanName"}],"mapping":[{"identity":"v2","map":"NK1-2"},{"identity":"rim","map":"name"},{"identity":"cda","map":"n/a"}]},{"id":"Patient.contact.telecom","path":"Patient.contact.telecom","short":"A contact detail for the person","definition":"A contact detail for the person, e.g. a telephone number or an email address.","comment":"Contact may have multiple ways to be contacted with different uses or applicable periods.  May need to have options for contacting the person urgently, and also to help with identification.","requirements":"People have (primary) ways to contact them in some way such as phone, email.","min":0,"max":"*","base":{"path":"Patient.contact.telecom","min":0,"max":"*"},"type":[{"code":"ContactPoint"}],"mapping":[{"identity":"v2","map":"NK1-5, NK1-6, NK1-40"},{"identity":"rim","map":"telecom"},{"identity":"cda","map":"n/a"}]},{"id":"Patient.contact.address","path":"Patient.contact.address","short":"Address for the contact person","definition":"Address for the contact person.","requirements":"Need to keep track where the contact person can be contacted per postal mail or visited.","min":0,"max":"1","base":{"path":"Patient.contact.address","min":0,"max":"1"},"type":[{"code":"Address"}],"mapping":[{"identity":"v2","map":"NK1-4"},{"identity":"rim","map":"addr"},{"identity":"cda","map":"n/a"}]},{"id":"Patient.contact.gender","path":"Patient.contact.gender","short":"male | female | other | unknown","definition":"Administrative Gender - the gender that the contact person is considered to have for administration and record keeping purposes.","requirements":"Needed to address the person correctly.","min":0,"max":"1","base":{"path":"Patient.contact.gender","min":0,"max":"1"},"type":[{"code":"code"}],"binding":{"extension":[{"url":"http://hl7.org/fhir/StructureDefinition/elementdefinition-bindingName","valueString":"AdministrativeGender"},{"url":"http://hl7.org/fhir/StructureDefinition/elementdefinition-isCommonBinding","valueBoolean":true}],"strength":"required","description":"The gender of a person used for administrative purposes.","valueSetReference":{"reference":"http://hl7.org/fhir/ValueSet/administrative-gender"}},"mapping":[{"identity":"v2","map":"NK1-15"},{"identity":"rim","map":"player[classCode=PSN|ANM and determinerCode=INSTANCE]/administrativeGender"},{"identity":"cda","map":"n/a"}]},{"id":"Patient.contact.organization","path":"Patient.contact.organization","short":"Organization that is associated with the contact","definition":"Organization on behalf of which the contact is acting or for which the contact is working.","requirements":"For guardians or business related contacts, the organization is relevant.","min":0,"max":"1","base":{"path":"Patient.contact.organization","min":0,"max":"1"},"type":[{"code":"Reference","targetProfile":"http://hl7.org/fhir/StructureDefinition/Organization"}],"condition":["pat-1"],"mapping":[{"identity":"v2","map":"NK1-13, NK1-30, NK1-31, NK1-32, NK1-41"},{"identity":"rim","map":"scoper"},{"identity":"cda","map":"n/a"}]},{"id":"Patient.contact.period","path":"Patient.contact.period","short":"The period during which this contact person or organization is valid to be contacted relating to this patient","definition":"The period during which this contact person or organization is valid to be contacted relating to this patient.","min":0,"max":"1","base":{"path":"Patient.contact.period","min":0,"max":"1"},"type":[{"code":"Period"}],"mapping":[{"identity":"rim","map":"effectiveTime"},{"identity":"cda","map":"n/a"}]},{"id":"Patient.animal","extension":[{"url":"http://hl7.org/fhir/StructureDefinition/structuredefinition-explicit-type-name","valueString":"Animal"}],"path":"Patient.animal","short":"This patient is known to be an animal (non-human)","definition":"This patient is known to be an animal.","comment":"The animal element is labeled \"Is Modifier\" since patients may be non-human. Systems SHALL either handle patient details appropriately (e.g. inform users patient is not human) or reject declared animal records.   The absense of the animal element does not imply that the patient is a human. If a system requires such a positive assertion that the patient is human, an extension will be required.  (Do not use a species of homo-sapiens in animal species, as this would incorrectly infer that the patient is an animal).","requirements":"Many clinical systems are extended to care for animal patients as well as human.","min":0,"max":"1","base":{"path":"Patient.animal","min":0,"max":"1"},"type":[{"code":"BackboneElement"}],"constraint":[{"key":"ele-1","severity":"error","human":"All FHIR elements must have a @value or children","expression":"hasValue() | (children().count() > id.count())","xpath":"@value|f:*|h:div","source":"Element"}],"isModifier":true,"isSummary":true,"mapping":[{"identity":"rim","map":"player[classCode=ANM]"},{"identity":"cda","map":"n/a"}]},{"id":"Patient.animal.id","path":"Patient.animal.id","representation":["xmlAttr"],"short":"xml:id (or equivalent in JSON)","definition":"unique id for the element within a resource (for internal references). This may be any string value that does not contain spaces.","min":0,"max":"1","base":{"path":"Element.id","min":0,"max":"1"},"type":[{"code":"string"}],"mapping":[{"identity":"rim","map":"n/a"}]},{"id":"Patient.animal.extension","path":"Patient.animal.extension","short":"Additional Content defined by implementations","definition":"May be used to represent additional information that is not part of the basic definition of the element. In order to make the use of extensions safe and manageable, there is a strict set of governance  applied to the definition and use of extensions. Though any implementer is allowed to define an extension, there is a set of requirements that SHALL be met as part of the definition of the extension.","comment":"There can be no stigma associated with the use of extensions by any application, project, or standard - regardless of the institution or jurisdiction that uses or defines the extensions.  The use of extensions is what allows the FHIR specification to retain a core level of simplicity for everyone.","alias":["extensions","user content"],"min":0,"max":"*","base":{"path":"Element.extension","min":0,"max":"*"},"type":[{"code":"Extension"}],"mapping":[{"identity":"rim","map":"n/a"}]},{"id":"Patient.animal.modifierExtension","path":"Patient.animal.modifierExtension","short":"Extensions that cannot be ignored","definition":"May be used to represent additional information that is not part of the basic definition of the element, and that modifies the understanding of the element that contains it. Usually modifier elements provide negation or qualification. In order to make the use of extensions safe and manageable, there is a strict set of governance applied to the definition and use of extensions. Though any implementer is allowed to define an extension, there is a set of requirements that SHALL be met as part of the definition of the extension. Applications processing a resource are required to check for modifier extensions.","comment":"There can be no stigma associated with the use of extensions by any application, project, or standard - regardless of the institution or jurisdiction that uses or defines the extensions.  The use of extensions is what allows the FHIR specification to retain a core level of simplicity for everyone.","alias":["extensions","user content","modifiers"],"min":0,"max":"*","base":{"path":"BackboneElement.modifierExtension","min":0,"max":"*"},"type":[{"code":"Extension"}],"isModifier":true,"isSummary":true,"mapping":[{"identity":"rim","map":"N/A"}]},{"id":"Patient.animal.species","path":"Patient.animal.species","short":"E.g. Dog, Cow","definition":"Identifies the high level taxonomic categorization of the kind of animal.","comment":"If the patient is non-human, at least a species SHALL be specified. Species SHALL be a widely recognised taxonomic classification.  It may or may not be Linnaean taxonomy and may or may not be at the level of species. If the level is finer than species--such as a breed code--the code system used SHALL allow inference of the species.  (The common example is that the word \"Hereford\" does not allow inference of the species Bos taurus, because there is a Hereford pig breed, but the SNOMED CT code for \"Hereford Cattle Breed\" does.).","requirements":"Need to know what kind of animal.","min":1,"max":"1","base":{"path":"Patient.animal.species","min":1,"max":"1"},"type":[{"code":"CodeableConcept"}],"isSummary":true,"binding":{"extension":[{"url":"http://hl7.org/fhir/StructureDefinition/elementdefinition-bindingName","valueString":"AnimalSpecies"}],"strength":"example","description":"The species of an animal.","valueSetReference":{"reference":"http://hl7.org/fhir/ValueSet/animal-species"}},"mapping":[{"identity":"v2","map":"PID-35"},{"identity":"rim","map":"code"},{"identity":"cda","map":"n/a"}]},{"id":"Patient.animal.breed","path":"Patient.animal.breed","short":"E.g. Poodle, Angus","definition":"Identifies the detailed categorization of the kind of animal.","comment":"Breed MAY be used to provide further taxonomic or non-taxonomic classification.  It may involve local or proprietary designation--such as commercial strain--and/or additional information such as production type.","requirements":"May need to know the specific kind within the species.","min":0,"max":"1","base":{"path":"Patient.animal.breed","min":0,"max":"1"},"type":[{"code":"CodeableConcept"}],"isSummary":true,"binding":{"extension":[{"url":"http://hl7.org/fhir/StructureDefinition/elementdefinition-bindingName","valueString":"AnimalBreed"}],"strength":"example","description":"The breed of an animal.","valueSetReference":{"reference":"http://hl7.org/fhir/ValueSet/animal-breeds"}},"mapping":[{"identity":"v2","map":"PID-37"},{"identity":"rim","map":"playedRole[classCode=GEN]/scoper[classCode=ANM, determinerCode=KIND]/code"},{"identity":"cda","map":"n/a"}]},{"id":"Patient.animal.genderStatus","path":"Patient.animal.genderStatus","short":"E.g. Neutered, Intact","definition":"Indicates the current state of the animal's reproductive organs.","requirements":"Gender status can affect housing and animal behavior.","min":0,"max":"1","base":{"path":"Patient.animal.genderStatus","min":0,"max":"1"},"type":[{"code":"CodeableConcept"}],"isSummary":true,"binding":{"extension":[{"url":"http://hl7.org/fhir/StructureDefinition/elementdefinition-bindingName","valueString":"AnimalGenderStatus"}],"strength":"example","description":"The state of the animal's reproductive organs.","valueSetReference":{"reference":"http://hl7.org/fhir/ValueSet/animal-genderstatus"}},"mapping":[{"identity":"v2","map":"N/A"},{"identity":"rim","map":"genderStatusCode"},{"identity":"cda","map":"n/a"}]},{"id":"Patient.communication","path":"Patient.communication","short":"A list of Languages which may be used to communicate with the patient about his or her health","definition":"Languages which may be used to communicate with the patient about his or her health.","comment":"If no language is specified, this *implies* that the default local language is spoken.  If you need to convey proficiency for multiple modes then you need multiple Patient.Communication associations.   For animals, language is not a relevant field, and should be absent from the instance. If the Patient does not speak the default local language, then the Interpreter Required Standard can be used to explicitly declare that an interpreter is required.","requirements":"If a patient does not speak the local language, interpreters may be required, so languages spoken and proficiency is an important things to keep track of both for patient and other persons of interest.","min":0,"max":"*","base":{"path":"Patient.communication","min":0,"max":"*"},"type":[{"code":"BackboneElement"}],"constraint":[{"key":"ele-1","severity":"error","human":"All FHIR elements must have a @value or children","expression":"hasValue() | (children().count() > id.count())","xpath":"@value|f:*|h:div","source":"Element"}],"mapping":[{"identity":"rim","map":"LanguageCommunication"},{"identity":"cda","map":"patient.languageCommunication"}]},{"id":"Patient.communication.id","path":"Patient.communication.id","representation":["xmlAttr"],"short":"xml:id (or equivalent in JSON)","definition":"unique id for the element within a resource (for internal references). This may be any string value that does not contain spaces.","min":0,"max":"1","base":{"path":"Element.id","min":0,"max":"1"},"type":[{"code":"string"}],"mapping":[{"identity":"rim","map":"n/a"}]},{"id":"Patient.communication.extension","path":"Patient.communication.extension","short":"Additional Content defined by implementations","definition":"May be used to represent additional information that is not part of the basic definition of the element. In order to make the use of extensions safe and manageable, there is a strict set of governance  applied to the definition and use of extensions. Though any implementer is allowed to define an extension, there is a set of requirements that SHALL be met as part of the definition of the extension.","comment":"There can be no stigma associated with the use of extensions by any application, project, or standard - regardless of the institution or jurisdiction that uses or defines the extensions.  The use of extensions is what allows the FHIR specification to retain a core level of simplicity for everyone.","alias":["extensions","user content"],"min":0,"max":"*","base":{"path":"Element.extension","min":0,"max":"*"},"type":[{"code":"Extension"}],"mapping":[{"identity":"rim","map":"n/a"}]},{"id":"Patient.communication.modifierExtension","path":"Patient.communication.modifierExtension","short":"Extensions that cannot be ignored","definition":"May be used to represent additional information that is not part of the basic definition of the element, and that modifies the understanding of the element that contains it. Usually modifier elements provide negation or qualification. In order to make the use of extensions safe and manageable, there is a strict set of governance applied to the definition and use of extensions. Though any implementer is allowed to define an extension, there is a set of requirements that SHALL be met as part of the definition of the extension. Applications processing a resource are required to check for modifier extensions.","comment":"There can be no stigma associated with the use of extensions by any application, project, or standard - regardless of the institution or jurisdiction that uses or defines the extensions.  The use of extensions is what allows the FHIR specification to retain a core level of simplicity for everyone.","alias":["extensions","user content","modifiers"],"min":0,"max":"*","base":{"path":"BackboneElement.modifierExtension","min":0,"max":"*"},"type":[{"code":"Extension"}],"isModifier":true,"isSummary":true,"mapping":[{"identity":"rim","map":"N/A"}]},{"id":"Patient.communication.language","path":"Patient.communication.language","short":"The language which can be used to communicate with the patient about his or her health","definition":"The ISO-639-1 alpha 2 code in lower case for the language, optionally followed by a hyphen and the ISO-3166-1 alpha 2 code for the region in upper case; e.g. \"en\" for English, or \"en-US\" for American English versus \"en-EN\" for England English.","comment":"The structure aa-BB with this exact casing is one the most widely used notations for locale. However not all systems actually code this but instead have it as free text. Hence CodeableConcept instead of code as the data type.","requirements":"Most systems in multilingual countries will want to convey language. Not all systems actually need the regional dialect.","min":1,"max":"1","base":{"path":"Patient.communication.language","min":1,"max":"1"},"type":[{"code":"CodeableConcept"}],"binding":{"extension":[{"url":"http://hl7.org/fhir/StructureDefinition/elementdefinition-maxValueSet","valueReference":{"reference":"http://hl7.org/fhir/ValueSet/all-languages"}},{"url":"http://hl7.org/fhir/StructureDefinition/elementdefinition-bindingName","valueString":"Language"},{"url":"http://hl7.org/fhir/StructureDefinition/elementdefinition-isCommonBinding","valueBoolean":true}],"strength":"extensible","description":"A human language.","valueSetReference":{"reference":"http://hl7.org/fhir/ValueSet/languages"}},"mapping":[{"identity":"v2","map":"PID-15, LAN-2"},{"identity":"rim","map":"player[classCode=PSN|ANM and determinerCode=INSTANCE]/languageCommunication/code"},{"identity":"cda","map":".languageCode"}]},{"id":"Patient.communication.preferred","path":"Patient.communication.preferred","short":"Language preference indicator","definition":"Indicates whether or not the patient prefers this language (over other languages he masters up a certain level).","comment":"This language is specifically identified for communicating healthcare information.","requirements":"People that master multiple languages up to certain level may prefer one or more, i.e. feel more confident in communicating in a particular language making other languages sort of a fall back method.","min":0,"max":"1","base":{"path":"Patient.communication.preferred","min":0,"max":"1"},"type":[{"code":"boolean"}],"mapping":[{"identity":"v2","map":"PID-15"},{"identity":"rim","map":"preferenceInd"},{"identity":"cda","map":".preferenceInd"}]},{"id":"Patient.generalPractitioner","path":"Patient.generalPractitioner","short":"Patient's nominated primary care provider","definition":"Patient's nominated care provider.","comment":"This may be the primary care provider (in a GP context), or it may be a patient nominated care manager in a community/disablity setting, or even organization that will provide people to perform the care provider roles.\n\nIt is not to be used to record Care Teams, these should be in a CareTeam resource that may be linked to the CarePlan or EpisodeOfCare resources.","alias":["careProvider"],"min":0,"max":"*","base":{"path":"Patient.generalPractitioner","min":0,"max":"*"},"type":[{"code":"Reference","targetProfile":"http://hl7.org/fhir/StructureDefinition/Organization"},{"code":"Reference","targetProfile":"http://hl7.org/fhir/StructureDefinition/Practitioner"}],"mapping":[{"identity":"v2","map":"PD1-4"},{"identity":"rim","map":"subjectOf.CareEvent.performer.AssignedEntity"},{"identity":"cda","map":"n/a"}]},{"id":"Patient.managingOrganization","path":"Patient.managingOrganization","short":"Organization that is the custodian of the patient record","definition":"Organization that is the custodian of the patient record.","comment":"There is only one managing organization for a specific patient record. Other organizations will have their own Patient record, and may use the Link property to join the records together (or a Person resource which can include confidence ratings for the association).","requirements":"Need to know who recognizes this patient record, manages and updates it.","min":0,"max":"1","base":{"path":"Patient.managingOrganization","min":0,"max":"1"},"type":[{"code":"Reference","targetProfile":"http://hl7.org/fhir/StructureDefinition/Organization"}],"isSummary":true,"mapping":[{"identity":"rim","map":"scoper"},{"identity":"cda","map":".providerOrganization"}]},{"id":"Patient.link","path":"Patient.link","short":"Link to another patient resource that concerns the same actual person","definition":"Link to another patient resource that concerns the same actual patient.","comment":"There is no assumption that linked patient records have mutual links. \n\nThis element is labelled as a modifier because it may not be the main Patient resource, and the referenced patient should be used instead of this Patient record. This is when the link.type value is 'replaced-by'.","requirements":"There are multiple usecases: \n\n* Duplicate patient records due to the clerical errors associated with the difficulties of identifying humans consistently, and * Distribution of patient information across multiple servers.","min":0,"max":"*","base":{"path":"Patient.link","min":0,"max":"*"},"type":[{"code":"BackboneElement"}],"constraint":[{"key":"ele-1","severity":"error","human":"All FHIR elements must have a @value or children","expression":"hasValue() | (children().count() > id.count())","xpath":"@value|f:*|h:div","source":"Element"}],"isModifier":true,"isSummary":true,"mapping":[{"identity":"rim","map":"outboundLink"},{"identity":"cda","map":"n/a"}]},{"id":"Patient.link.id","path":"Patient.link.id","representation":["xmlAttr"],"short":"xml:id (or equivalent in JSON)","definition":"unique id for the element within a resource (for internal references). This may be any string value that does not contain spaces.","min":0,"max":"1","base":{"path":"Element.id","min":0,"max":"1"},"type":[{"code":"string"}],"mapping":[{"identity":"rim","map":"n/a"}]},{"id":"Patient.link.extension","path":"Patient.link.extension","short":"Additional Content defined by implementations","definition":"May be used to represent additional information that is not part of the basic definition of the element. In order to make the use of extensions safe and manageable, there is a strict set of governance  applied to the definition and use of extensions. Though any implementer is allowed to define an extension, there is a set of requirements that SHALL be met as part of the definition of the extension.","comment":"There can be no stigma associated with the use of extensions by any application, project, or standard - regardless of the institution or jurisdiction that uses or defines the extensions.  The use of extensions is what allows the FHIR specification to retain a core level of simplicity for everyone.","alias":["extensions","user content"],"min":0,"max":"*","base":{"path":"Element.extension","min":0,"max":"*"},"type":[{"code":"Extension"}],"mapping":[{"identity":"rim","map":"n/a"}]},{"id":"Patient.link.modifierExtension","path":"Patient.link.modifierExtension","short":"Extensions that cannot be ignored","definition":"May be used to represent additional information that is not part of the basic definition of the element, and that modifies the understanding of the element that contains it. Usually modifier elements provide negation or qualification. In order to make the use of extensions safe and manageable, there is a strict set of governance applied to the definition and use of extensions. Though any implementer is allowed to define an extension, there is a set of requirements that SHALL be met as part of the definition of the extension. Applications processing a resource are required to check for modifier extensions.","comment":"There can be no stigma associated with the use of extensions by any application, project, or standard - regardless of the institution or jurisdiction that uses or defines the extensions.  The use of extensions is what allows the FHIR specification to retain a core level of simplicity for everyone.","alias":["extensions","user content","modifiers"],"min":0,"max":"*","base":{"path":"BackboneElement.modifierExtension","min":0,"max":"*"},"type":[{"code":"Extension"}],"isModifier":true,"isSummary":true,"mapping":[{"identity":"rim","map":"N/A"}]},{"id":"Patient.link.other","path":"Patient.link.other","short":"The other patient or related person resource that the link refers to","definition":"The other patient resource that the link refers to.","comment":"Referencing a RelatedPerson here removes the need to use a Person record to associate a Patient and RelatedPerson as the same individual.","min":1,"max":"1","base":{"path":"Patient.link.other","min":1,"max":"1"},"type":[{"code":"Reference","targetProfile":"http://hl7.org/fhir/StructureDefinition/Patient"},{"code":"Reference","targetProfile":"http://hl7.org/fhir/StructureDefinition/RelatedPerson"}],"isSummary":true,"mapping":[{"identity":"v2","map":"PID-3, MRG-1"},{"identity":"rim","map":"id"},{"identity":"cda","map":"n/a"}]},{"id":"Patient.link.type","path":"Patient.link.type","short":"replaced-by | replaces | refer | seealso - type of link","definition":"The type of link between this patient resource and another patient resource.","min":1,"max":"1","base":{"path":"Patient.link.type","min":1,"max":"1"},"type":[{"code":"code"}],"isSummary":true,"binding":{"extension":[{"url":"http://hl7.org/fhir/StructureDefinition/elementdefinition-bindingName","valueString":"LinkType"}],"strength":"required","description":"The type of link between this patient resource and another patient resource.","valueSetReference":{"reference":"http://hl7.org/fhir/ValueSet/link-type"}},"mapping":[{"identity":"rim","map":"typeCode"},{"identity":"cda","map":"n/a"}]}]},"differential":{"element":[{"id":"Patient","path":"Patient"},{"id":"Patient.extension","path":"Patient.extension","slicing":{"discriminator":[{"type":"value","path":"url"}],"rules":"open"}},{"id":"Patient.extension:ethnicity","path":"Patient.extension","sliceName":"ethnicity","min":0,"max":"1","type":[{"code":"Extension","profile":"http://hl7.org.nz/fhir/StructureDefinition/nzethnicity"}],"binding":{"strength":"extensible","valueSetReference":{"reference":"https://standards.digital.health.nz/valueset/ethnic-group-level-4"}}},{"id":"Patient.extension:placeOfBirth","path":"Patient.extension","sliceName":"placeOfBirth","min":0,"max":"1","type":[{"code":"Extension","profile":"http://hl7.org.nz/fhir/StructureDefinition/patient-birthplace"}]},{"id":"Patient.extension:nzcitizenship","path":"Patient.extension","sliceName":"nzcitizenship","min":0,"max":"1","type":[{"code":"Extension","profile":"http://hl7.org.nz/fhir/StructureDefinition/patient-nzcitizenship"}]},{"id":"Patient.identifier","path":"Patient.identifier","slicing":{"discriminator":[{"type":"value","path":"system"}],"rules":"open"}},{"id":"Patient.identifier:NHI","path":"Patient.identifier","sliceName":"NHI","label":"NHI","short":"NHI","definition":"The National Health Idenitifier","min":1,"max":"1","base":{"path":"Patient.NHI","min":0,"max":"1"},"type":[{"code":"Identifier"}],"fixedString":"{\"system\":\"https://standards.digital.health.nz/id/nhi\"}"},{"id":"Patient.identifier:identifier","path":"Patient.identifier","sliceName":"identifier","label":"identifier","short":"An identifier for this patient","definition":"Other identifiers that may be exchanged","comment":"includes dormant and unrelated. Could use identifier.type to distinguish (though an extension might be better as type means something slightly different)","min":0,"max":"*","base":{"path":"Patient.identifier","min":0,"max":"1"},"type":[{"code":"Identifier"}]},{"id":"Patient.birthDate","path":"Patient.birthDate","label":"birthDate","short":"The date of birth for the individual","definition":"The date of birth for the individual. Will always be included in an NHI interaction.","comment":"Will always be included in the NHI","min":1,"max":"1","base":{"path":"Patient.birthDate","min":0,"max":"1"},"type":[{"code":"date"}]},{"id":"Patient.birthDate.extension:source","path":"Patient.birthDate.extension","sliceName":"source","min":0,"max":"1","type":[{"code":"Extension","profile":"http://hl7.org.nz/fhir/StructureDefinition/informationsource"}],"binding":{"strength":"extensible","valueSetReference":{"reference":"https://standards.digital.health.nz/valueset/nzinfosource"}}}]}}