{"resourceType":"ValueSet","id":"NzCitizenship","text":{"status":"generated","div":"<div xmlns=\"http://www.w3.org/1999/xhtml\"><h2>NzCitizenship</h2><div><p>New Zealand Citizenship status</p>\n</div><p>This value set includes codes from the following code systems:</p><ul><li>Include these codes as defined in <a href=\"CodeSystem-NzCitizenship.html\"><code>https://standards.digital.health.nz/codesystem/NzCitizenship</code></a><table class=\"none\"><tr><td style=\"white-space:nowrap\"><b>Code</b></td><td><b>Display</b></td></tr><tr><td><a href=\"CodeSystem-NzCitizenship.html#NzCitizenship-Y\">Y</a></td><td>Is a citizen</td><td/></tr><tr><td><a href=\"CodeSystem-NzCitizenship.html#NzCitizenship-N\">N</a></td><td>Is NOT a citizen</td><td/></tr><tr><td><a href=\"CodeSystem-NzCitizenship.html#NzCitizenship-U\">U</a></td><td>Citizenship status unknown</td><td/></tr></table></li></ul></div>"},"url":"https://standards.digital.health.nz/valueset/NzCitizenship","name":"NzCitizenship","status":"draft","date":"2019-04-29T12:57:49+12:00","publisher":"David Hay","contact":[{"telecom":[{"system":"url","value":"http://hl7.org/fhir"},{"system":"email","value":"david.hay25@gmail.com"}]}],"description":"New Zealand Citizenship status","immutable":true,"compose":{"include":[{"system":"https://standards.digital.health.nz/codesystem/NzCitizenship","concept":[{"code":"Y","display":"Is a citizen"},{"code":"N","display":"Is NOT a citizen"},{"code":"U","display":"Citizenship status unknown"}]}]}}