{
  "resourceType": "CodeSystem",
  "id": "NzEthnicityL4",
  "text": {
    "status": "generated",
    "div": "<div xmlns=\"http://www.w3.org/1999/xhtml\">\n            <h2>NZ Ethnicity Level 4</h2>\n            <p>NZ Ethnicity Level 4 Codes</p>\n            <table>\n                <tr>\n                    <td>Id: </td>\n                    <td>NzEthnicityL4</td>\n                </tr>\n                <tr>\n                    <td>Url: </td>\n                    <td>https://standards.digital.health.nz/codesystem/ethnic-group-level-4</td>\n                </tr>\n                <tr>\n                    <td>Version: </td>\n                    <td>1.0.1</td>\n                </tr>\n                <tr>\n                    <td>Publisher: </td>\n                    <td>Ministry of Health</td>\n                </tr>\n                <tr>\n                    <td>Copyright: </td>\n                    <td>© 2010+ New Zealand Crown Copyright</td>\n                </tr>\n                <tr>\n                    <td>Status: </td>\n                    <td>Active</td>\n                </tr>\n                <tr>\n                    <td>Status Date: </td>\n                    <td>2019-03-22</td>\n                </tr>\n                <tr>\n                    <td>Experimental: </td>\n                    <td>True</td>\n                </tr>\n                <tr>\n                    <td>Content: </td>\n                    <td>Complete</td>\n                </tr>\n                <tr>\n                    <td>Case Sensitive: </td>\n                    <td>True</td>\n                </tr>\n            </table>\n            <table>\n                <tr>\n                    <th>Code</th>\n                    <th>Display</th>\n                </tr>\n                <tr>\n                    <td>10000</td>\n                    <td>European NFD</td>\n                </tr>\n                <tr>\n                    <td>11111</td>\n                    <td>New Zealand European</td>\n                </tr>\n                <tr>\n                    <td>12100</td>\n                    <td>British NFD</td>\n                </tr>\n                <tr>\n                    <td>12111</td>\n                    <td>Celtic</td>\n                </tr>\n                <tr>\n                    <td>12112</td>\n                    <td>Channel Islander</td>\n                </tr>\n                <tr>\n                    <td>12113</td>\n                    <td>Cornish</td>\n                </tr>\n                <tr>\n                    <td>12114</td>\n                    <td>English</td>\n                </tr>\n                <tr>\n                    <td>12115</td>\n                    <td>Gaelic</td>\n                </tr>\n                <tr>\n                    <td>12116</td>\n                    <td>Irish</td>\n                </tr>\n                <tr>\n                    <td>12117</td>\n                    <td>Manx</td>\n                </tr>\n                <tr>\n                    <td>12118</td>\n                    <td>Orkney Islander</td>\n                </tr>\n                <tr>\n                    <td>12119</td>\n                    <td>Scottish (Scots)</td>\n                </tr>\n                <tr>\n                    <td>12120</td>\n                    <td>Shetland Islander</td>\n                </tr>\n                <tr>\n                    <td>12121</td>\n                    <td>Welsh</td>\n                </tr>\n                <tr>\n                    <td>12199</td>\n                    <td>British NEC</td>\n                </tr>\n                <tr>\n                    <td>12211</td>\n                    <td>Dutch/Netherlands</td>\n                </tr>\n                <tr>\n                    <td>12311</td>\n                    <td>Greek (including Greek Cypriot)</td>\n                </tr>\n                <tr>\n                    <td>12411</td>\n                    <td>Polish</td>\n                </tr>\n                <tr>\n                    <td>12500</td>\n                    <td>South Slav (formerly Yugoslav groups) NFD</td>\n                </tr>\n                <tr>\n                    <td>12511</td>\n                    <td>Croat/Croatian</td>\n                </tr>\n                <tr>\n                    <td>12512</td>\n                    <td>Dalmatian</td>\n                </tr>\n                <tr>\n                    <td>12513</td>\n                    <td>Macedonian</td>\n                </tr>\n                <tr>\n                    <td>12514</td>\n                    <td>Serb/Serbian</td>\n                </tr>\n                <tr>\n                    <td>12515</td>\n                    <td>Slovene/Slovenian</td>\n                </tr>\n                <tr>\n                    <td>12516</td>\n                    <td>Bosnian</td>\n                </tr>\n                <tr>\n                    <td>12599</td>\n                    <td>South Slav (formerly Yugoslav groups) NEC</td>\n                </tr>\n                <tr>\n                    <td>12611</td>\n                    <td>Italian</td>\n                </tr>\n                <tr>\n                    <td>12711</td>\n                    <td>German</td>\n                </tr>\n                <tr>\n                    <td>12811</td>\n                    <td>Australian</td>\n                </tr>\n                <tr>\n                    <td>12911</td>\n                    <td>Albanian</td>\n                </tr>\n                <tr>\n                    <td>12912</td>\n                    <td>Armenian</td>\n                </tr>\n                <tr>\n                    <td>12913</td>\n                    <td>Austrian</td>\n                </tr>\n                <tr>\n                    <td>12914</td>\n                    <td>Belgian</td>\n                </tr>\n                <tr>\n                    <td>12915</td>\n                    <td>Bulgarian</td>\n                </tr>\n                <tr>\n                    <td>12916</td>\n                    <td>Belorussian</td>\n                </tr>\n                <tr>\n                    <td>12917</td>\n                    <td>Corsican</td>\n                </tr>\n                <tr>\n                    <td>12918</td>\n                    <td>Cypriot Unspecified</td>\n                </tr>\n                <tr>\n                    <td>12919</td>\n                    <td>Czech</td>\n                </tr>\n                <tr>\n                    <td>12920</td>\n                    <td>Danish</td>\n                </tr>\n                <tr>\n                    <td>12921</td>\n                    <td>Estonian</td>\n                </tr>\n                <tr>\n                    <td>12922</td>\n                    <td>Finnish</td>\n                </tr>\n                <tr>\n                    <td>12923</td>\n                    <td>Flemish</td>\n                </tr>\n                <tr>\n                    <td>12924</td>\n                    <td>French</td>\n                </tr>\n                <tr>\n                    <td>12925</td>\n                    <td>Greenlander</td>\n                </tr>\n                <tr>\n                    <td>12926</td>\n                    <td>Hungarian</td>\n                </tr>\n                <tr>\n                    <td>12927</td>\n                    <td>Icelander</td>\n                </tr>\n                <tr>\n                    <td>12928</td>\n                    <td>Latvian</td>\n                </tr>\n                <tr>\n                    <td>12929</td>\n                    <td>Lithuanian</td>\n                </tr>\n                <tr>\n                    <td>12930</td>\n                    <td>Maltese</td>\n                </tr>\n                <tr>\n                    <td>12931</td>\n                    <td>Norwegian</td>\n                </tr>\n                <tr>\n                    <td>12932</td>\n                    <td>Portuguese</td>\n                </tr>\n                <tr>\n                    <td>12933</td>\n                    <td>Romanian / Rumanian</td>\n                </tr>\n                <tr>\n                    <td>12934</td>\n                    <td>Romany / Gypsy</td>\n                </tr>\n                <tr>\n                    <td>12935</td>\n                    <td>Russian</td>\n                </tr>\n                <tr>\n                    <td>12936</td>\n                    <td>Sardinian</td>\n                </tr>\n                <tr>\n                    <td>12937</td>\n                    <td>Slavic / Slav</td>\n                </tr>\n                <tr>\n                    <td>12938</td>\n                    <td>Slovak</td>\n                </tr>\n                <tr>\n                    <td>12939</td>\n                    <td>Spanish</td>\n                </tr>\n                <tr>\n                    <td>12940</td>\n                    <td>Swedish</td>\n                </tr>\n                <tr>\n                    <td>12941</td>\n                    <td>Swiss</td>\n                </tr>\n                <tr>\n                    <td>12942</td>\n                    <td>Ukrainian</td>\n                </tr>\n                <tr>\n                    <td>12943</td>\n                    <td>American (US)</td>\n                </tr>\n                <tr>\n                    <td>12944</td>\n                    <td>Burgher</td>\n                </tr>\n                <tr>\n                    <td>12945</td>\n                    <td>Canadian</td>\n                </tr>\n                <tr>\n                    <td>12946</td>\n                    <td>Falkland Islander / Kelper</td>\n                </tr>\n                <tr>\n                    <td>12947</td>\n                    <td>New Caledonian</td>\n                </tr>\n                <tr>\n                    <td>12948</td>\n                    <td>South African</td>\n                </tr>\n                <tr>\n                    <td>12949</td>\n                    <td>Afrikaner</td>\n                </tr>\n                <tr>\n                    <td>12950</td>\n                    <td>Zimbabwean</td>\n                </tr>\n                <tr>\n                    <td>12999</td>\n                    <td>European NEC</td>\n                </tr>\n                <tr>\n                    <td>21111</td>\n                    <td>Māori</td>\n                </tr>\n                <tr>\n                    <td>30000</td>\n                    <td>Pacific peoples NFD</td>\n                </tr>\n                <tr>\n                    <td>31111</td>\n                    <td>Samoan</td>\n                </tr>\n                <tr>\n                    <td>32100</td>\n                    <td>Cook Island Māori NFD</td>\n                </tr>\n                <tr>\n                    <td>32111</td>\n                    <td>Aitutaki Islander</td>\n                </tr>\n                <tr>\n                    <td>32112</td>\n                    <td>Atiu Islander</td>\n                </tr>\n                <tr>\n                    <td>32113</td>\n                    <td>Mangaia Islander</td>\n                </tr>\n                <tr>\n                    <td>32114</td>\n                    <td>Manihiki Islander</td>\n                </tr>\n                <tr>\n                    <td>32115</td>\n                    <td>Mauke Islander</td>\n                </tr>\n                <tr>\n                    <td>32116</td>\n                    <td>Mitiaro Islander</td>\n                </tr>\n                <tr>\n                    <td>32117</td>\n                    <td>Palmerston Islander</td>\n                </tr>\n                <tr>\n                    <td>32118</td>\n                    <td>Penrhyn Islander</td>\n                </tr>\n                <tr>\n                    <td>32119</td>\n                    <td>Pukapuka Islander</td>\n                </tr>\n                <tr>\n                    <td>32120</td>\n                    <td>Rakahanga Islander</td>\n                </tr>\n                <tr>\n                    <td>32121</td>\n                    <td>Rarotongan</td>\n                </tr>\n                <tr>\n                    <td>33111</td>\n                    <td>Tongan</td>\n                </tr>\n                <tr>\n                    <td>34111</td>\n                    <td>Niuean</td>\n                </tr>\n                <tr>\n                    <td>35111</td>\n                    <td>Tokelauan</td>\n                </tr>\n                <tr>\n                    <td>36111</td>\n                    <td>Fijian (except Fiji Indian / Indo-Fijian)</td>\n                </tr>\n                <tr>\n                    <td>37111</td>\n                    <td>Admiralty Islander</td>\n                </tr>\n                <tr>\n                    <td>37112</td>\n                    <td>Australian Aboriginal</td>\n                </tr>\n                <tr>\n                    <td>37113</td>\n                    <td>Austral Islander</td>\n                </tr>\n                <tr>\n                    <td>37114</td>\n                    <td>Belau / Palau Islander</td>\n                </tr>\n                <tr>\n                    <td>37115</td>\n                    <td>Bismark Archipelagoan</td>\n                </tr>\n                <tr>\n                    <td>37116</td>\n                    <td>Bougainvillean</td>\n                </tr>\n                <tr>\n                    <td>37117</td>\n                    <td>Caroline Islander</td>\n                </tr>\n                <tr>\n                    <td>37118</td>\n                    <td>Easter Islander</td>\n                </tr>\n                <tr>\n                    <td>37119</td>\n                    <td>Gambier Islander</td>\n                </tr>\n                <tr>\n                    <td>37120</td>\n                    <td>Guadalcanalian</td>\n                </tr>\n                <tr>\n                    <td>37121</td>\n                    <td>Guam Islander / Chamorro</td>\n                </tr>\n                <tr>\n                    <td>37122</td>\n                    <td>Hawaiian</td>\n                </tr>\n                <tr>\n                    <td>37123</td>\n                    <td>Kanaka / Kanak</td>\n                </tr>\n                <tr>\n                    <td>37124</td>\n                    <td>I-Kiribati / Gilbertese</td>\n                </tr>\n                <tr>\n                    <td>37125</td>\n                    <td>Malaitian</td>\n                </tr>\n                <tr>\n                    <td>37126</td>\n                    <td>Manus Islander</td>\n                </tr>\n                <tr>\n                    <td>37127</td>\n                    <td>Marianas Islander</td>\n                </tr>\n                <tr>\n                    <td>37128</td>\n                    <td>Marquesas Islander</td>\n                </tr>\n                <tr>\n                    <td>37129</td>\n                    <td>Marshall Islander</td>\n                </tr>\n                <tr>\n                    <td>37130</td>\n                    <td>Nauru Islander</td>\n                </tr>\n                <tr>\n                    <td>37131</td>\n                    <td>New Britain Islander</td>\n                </tr>\n                <tr>\n                    <td>37132</td>\n                    <td>New Georgian</td>\n                </tr>\n                <tr>\n                    <td>37133</td>\n                    <td>New Irelander</td>\n                </tr>\n                <tr>\n                    <td>37134</td>\n                    <td>Ocean Islander / Banaban</td>\n                </tr>\n                <tr>\n                    <td>37135</td>\n                    <td>Papuan / New Guinean / Irian Jayan</td>\n                </tr>\n                <tr>\n                    <td>37136</td>\n                    <td>Phoenix Islander</td>\n                </tr>\n                <tr>\n                    <td>37137</td>\n                    <td>Pitcairn Islander</td>\n                </tr>\n                <tr>\n                    <td>37138</td>\n                    <td>Rotuman / Rotuman Islander</td>\n                </tr>\n                <tr>\n                    <td>37139</td>\n                    <td>Santa Cruz Islander</td>\n                </tr>\n                <tr>\n                    <td>37140</td>\n                    <td>Society Islander (including Tahitian)</td>\n                </tr>\n                <tr>\n                    <td>37141</td>\n                    <td>Solomon Islander</td>\n                </tr>\n                <tr>\n                    <td>37142</td>\n                    <td>Torres Strait Islander / Thursday Islander</td>\n                </tr>\n                <tr>\n                    <td>37143</td>\n                    <td>Tuamotu Islander</td>\n                </tr>\n                <tr>\n                    <td>37144</td>\n                    <td>Tuvalu Islander / Ellice Islander</td>\n                </tr>\n                <tr>\n                    <td>37145</td>\n                    <td>Vanuatu Islander / New Hebridean</td>\n                </tr>\n                <tr>\n                    <td>37146</td>\n                    <td>Wake Islander</td>\n                </tr>\n                <tr>\n                    <td>37147</td>\n                    <td>Wallis Islander</td>\n                </tr>\n                <tr>\n                    <td>37148</td>\n                    <td>Yap Islander</td>\n                </tr>\n                <tr>\n                    <td>37199</td>\n                    <td>Other Pacific peoples NEC</td>\n                </tr>\n                <tr>\n                    <td>40000</td>\n                    <td>Asian NFD</td>\n                </tr>\n                <tr>\n                    <td>41000</td>\n                    <td>Southeast Asian NFD</td>\n                </tr>\n                <tr>\n                    <td>41111</td>\n                    <td>Filipino</td>\n                </tr>\n                <tr>\n                    <td>41211</td>\n                    <td>Khmer / Kampuchean / Cambodian</td>\n                </tr>\n                <tr>\n                    <td>41311</td>\n                    <td>Vietnamese</td>\n                </tr>\n                <tr>\n                    <td>41411</td>\n                    <td>Burmese</td>\n                </tr>\n                <tr>\n                    <td>41412</td>\n                    <td>Indonesian (including Javanese / Sundanese / Sumatran)</td>\n                </tr>\n                <tr>\n                    <td>41413</td>\n                    <td>Lao / Laotian</td>\n                </tr>\n                <tr>\n                    <td>41414</td>\n                    <td>Malay / Malayan</td>\n                </tr>\n                <tr>\n                    <td>41415</td>\n                    <td>Thai / Tai / Siamese</td>\n                </tr>\n                <tr>\n                    <td>41499</td>\n                    <td>Other Southeast Asian NEC</td>\n                </tr>\n                <tr>\n                    <td>42100</td>\n                    <td>Chinese NFD</td>\n                </tr>\n                <tr>\n                    <td>42111</td>\n                    <td>Hong Kong Chinese</td>\n                </tr>\n                <tr>\n                    <td>42112</td>\n                    <td>Kampuchean Chinese</td>\n                </tr>\n                <tr>\n                    <td>42113</td>\n                    <td>Malaysian Chinese</td>\n                </tr>\n                <tr>\n                    <td>42114</td>\n                    <td>Singaporean Chinese</td>\n                </tr>\n                <tr>\n                    <td>42115</td>\n                    <td>Vietnamese Chinese</td>\n                </tr>\n                <tr>\n                    <td>42116</td>\n                    <td>Taiwanese Chinese</td>\n                </tr>\n                <tr>\n                    <td>42199</td>\n                    <td>Chinese NEC</td>\n                </tr>\n                <tr>\n                    <td>43100</td>\n                    <td>Indian NFD</td>\n                </tr>\n                <tr>\n                    <td>43111</td>\n                    <td>Bengali</td>\n                </tr>\n                <tr>\n                    <td>43112</td>\n                    <td>Fijian Indian / Indo-Fijian</td>\n                </tr>\n                <tr>\n                    <td>43113</td>\n                    <td>Gujarati</td>\n                </tr>\n                <tr>\n                    <td>43114</td>\n                    <td>Tamil</td>\n                </tr>\n                <tr>\n                    <td>43115</td>\n                    <td>Punjabi</td>\n                </tr>\n                <tr>\n                    <td>43116</td>\n                    <td>Sikh</td>\n                </tr>\n                <tr>\n                    <td>43117</td>\n                    <td>Anglo Indian</td>\n                </tr>\n                <tr>\n                    <td>43199</td>\n                    <td>Indian NEC</td>\n                </tr>\n                <tr>\n                    <td>44100</td>\n                    <td>Sri Lankan NFD</td>\n                </tr>\n                <tr>\n                    <td>44111</td>\n                    <td>Sinhalese</td>\n                </tr>\n                <tr>\n                    <td>44112</td>\n                    <td>Sri Lankan Tamil</td>\n                </tr>\n                <tr>\n                    <td>44199</td>\n                    <td>Sri Lankan NEC</td>\n                </tr>\n                <tr>\n                    <td>44211</td>\n                    <td>Japanese</td>\n                </tr>\n                <tr>\n                    <td>44311</td>\n                    <td>Korean</td>\n                </tr>\n                <tr>\n                    <td>44411</td>\n                    <td>Afghani</td>\n                </tr>\n                <tr>\n                    <td>44412</td>\n                    <td>Bangladeshi</td>\n                </tr>\n                <tr>\n                    <td>44413</td>\n                    <td>Nepalese</td>\n                </tr>\n                <tr>\n                    <td>44414</td>\n                    <td>Pakistani</td>\n                </tr>\n                <tr>\n                    <td>44415</td>\n                    <td>Tibetan</td>\n                </tr>\n                <tr>\n                    <td>44416</td>\n                    <td>Eurasian</td>\n                </tr>\n                <tr>\n                    <td>44499</td>\n                    <td>Other Asian NEC</td>\n                </tr>\n                <tr>\n                    <td>51100</td>\n                    <td>Middle Eastern NFD</td>\n                </tr>\n                <tr>\n                    <td>51111</td>\n                    <td>Algerian</td>\n                </tr>\n                <tr>\n                    <td>51112</td>\n                    <td>Arab</td>\n                </tr>\n                <tr>\n                    <td>51113</td>\n                    <td>Assyrian</td>\n                </tr>\n                <tr>\n                    <td>51114</td>\n                    <td>Egyptian</td>\n                </tr>\n                <tr>\n                    <td>51115</td>\n                    <td>Iranian / Persian</td>\n                </tr>\n                <tr>\n                    <td>51116</td>\n                    <td>Iraqi</td>\n                </tr>\n                <tr>\n                    <td>51117</td>\n                    <td>Israeli / Jewish / Hebrew</td>\n                </tr>\n                <tr>\n                    <td>51118</td>\n                    <td>Jordanian</td>\n                </tr>\n                <tr>\n                    <td>51119</td>\n                    <td>Kurd</td>\n                </tr>\n                <tr>\n                    <td>51120</td>\n                    <td>Lebanese</td>\n                </tr>\n                <tr>\n                    <td>51121</td>\n                    <td>Libyan</td>\n                </tr>\n                <tr>\n                    <td>51122</td>\n                    <td>Moroccan</td>\n                </tr>\n                <tr>\n                    <td>51123</td>\n                    <td>Omani</td>\n                </tr>\n                <tr>\n                    <td>51124</td>\n                    <td>Palestinian</td>\n                </tr>\n                <tr>\n                    <td>51125</td>\n                    <td>Syrian</td>\n                </tr>\n                <tr>\n                    <td>51126</td>\n                    <td>Tunisian</td>\n                </tr>\n                <tr>\n                    <td>51127</td>\n                    <td>Turkish (including Turkish Cypriot)</td>\n                </tr>\n                <tr>\n                    <td>51128</td>\n                    <td>Yemeni</td>\n                </tr>\n                <tr>\n                    <td>51199</td>\n                    <td>Middle Eastern NEC</td>\n                </tr>\n                <tr>\n                    <td>52100</td>\n                    <td>Latin American / Hispanic NFD</td>\n                </tr>\n                <tr>\n                    <td>52111</td>\n                    <td>Argentinian</td>\n                </tr>\n                <tr>\n                    <td>52112</td>\n                    <td>Bolivian</td>\n                </tr>\n                <tr>\n                    <td>52113</td>\n                    <td>Brazilian</td>\n                </tr>\n                <tr>\n                    <td>52114</td>\n                    <td>Chilean</td>\n                </tr>\n                <tr>\n                    <td>52115</td>\n                    <td>Colombian</td>\n                </tr>\n                <tr>\n                    <td>52116</td>\n                    <td>Costa Rican</td>\n                </tr>\n                <tr>\n                    <td>52117</td>\n                    <td>Creole (Latin America)</td>\n                </tr>\n                <tr>\n                    <td>52118</td>\n                    <td>Ecuadorian</td>\n                </tr>\n                <tr>\n                    <td>52119</td>\n                    <td>Guatemalan</td>\n                </tr>\n                <tr>\n                    <td>52120</td>\n                    <td>Guyanese</td>\n                </tr>\n                <tr>\n                    <td>52121</td>\n                    <td>Honduran</td>\n                </tr>\n                <tr>\n                    <td>52122</td>\n                    <td>Malvinian (Spanish-speaking Falkland Islander)</td>\n                </tr>\n                <tr>\n                    <td>52123</td>\n                    <td>Mexican</td>\n                </tr>\n                <tr>\n                    <td>52124</td>\n                    <td>Nicaraguan</td>\n                </tr>\n                <tr>\n                    <td>52125</td>\n                    <td>Panamanian</td>\n                </tr>\n                <tr>\n                    <td>52126</td>\n                    <td>Paraguayan</td>\n                </tr>\n                <tr>\n                    <td>52127</td>\n                    <td>Peruvian</td>\n                </tr>\n                <tr>\n                    <td>52128</td>\n                    <td>Puerto Rican</td>\n                </tr>\n                <tr>\n                    <td>52129</td>\n                    <td>Uruguayan</td>\n                </tr>\n                <tr>\n                    <td>52130</td>\n                    <td>Venezuelan</td>\n                </tr>\n                <tr>\n                    <td>52199</td>\n                    <td>Latin American / Hispanic NEC</td>\n                </tr>\n                <tr>\n                    <td>53100</td>\n                    <td>African NFD</td>\n                </tr>\n                <tr>\n                    <td>53112</td>\n                    <td>Creole (US)</td>\n                </tr>\n                <tr>\n                    <td>53113</td>\n                    <td>Jamaican</td>\n                </tr>\n                <tr>\n                    <td>53114</td>\n                    <td>Kenyan</td>\n                </tr>\n                <tr>\n                    <td>53115</td>\n                    <td>Nigerian</td>\n                </tr>\n                <tr>\n                    <td>53116</td>\n                    <td>African American</td>\n                </tr>\n                <tr>\n                    <td>53117</td>\n                    <td>Ugandan</td>\n                </tr>\n                <tr>\n                    <td>53118</td>\n                    <td>West Indian / Caribbean</td>\n                </tr>\n                <tr>\n                    <td>53119</td>\n                    <td>Somali</td>\n                </tr>\n                <tr>\n                    <td>53120</td>\n                    <td>Eritrean</td>\n                </tr>\n                <tr>\n                    <td>53121</td>\n                    <td>Ethiopian</td>\n                </tr>\n                <tr>\n                    <td>53122</td>\n                    <td>Ghanaian</td>\n                </tr>\n                <tr>\n                    <td>53199</td>\n                    <td>Other African NEC</td>\n                </tr>\n                <tr>\n                    <td>61111</td>\n                    <td>Central American Indian</td>\n                </tr>\n                <tr>\n                    <td>61112</td>\n                    <td>Inuit / Eskimo</td>\n                </tr>\n                <tr>\n                    <td>61113</td>\n                    <td>North American Indian</td>\n                </tr>\n                <tr>\n                    <td>61114</td>\n                    <td>South American Indian</td>\n                </tr>\n                <tr>\n                    <td>61115</td>\n                    <td>Mauritian</td>\n                </tr>\n                <tr>\n                    <td>61116</td>\n                    <td>Seychelles Islander</td>\n                </tr>\n                <tr>\n                    <td>61117</td>\n                    <td>South African Coloured</td>\n                </tr>\n                <tr>\n                    <td>61118</td>\n                    <td>New Zealander</td>\n                </tr>\n                <tr>\n                    <td>61199</td>\n                    <td>Other NEC</td>\n                </tr>\n                <tr>\n                    <td>94444</td>\n                    <td>Don't know</td>\n                </tr>\n                <tr>\n                    <td>95555</td>\n                    <td>Refused to answer</td>\n                </tr>\n                <tr>\n                    <td>96666</td>\n                    <td>Repeated Value</td>\n                </tr>\n                <tr>\n                    <td>97777</td>\n                    <td>Response unidentifiable</td>\n                </tr>\n                <tr>\n                    <td>98888</td>\n                    <td>Response Outside Scope</td>\n                </tr>\n                <tr>\n                    <td>99999</td>\n                    <td>Not stated</td>\n                </tr>\n            </table>\n        </div>"
  },
  "url": "https://standards.digital.health.nz/codesystem/ethnic-group-level-4",
  "version": "1.0.1",
  "name": "NzEthnicityL4",
  "title": "NZ Ethnicity Level 4",
  "status": "active",
  "experimental": true,
  "date": "2019-03-22",
  "publisher": "Ministry of Health",
  "contact": [
    {
      "telecom": [
        {
          "system": "email",
          "value": "peter.jordan@patientsfirst.org.nz"
        }
      ]
    }
  ],
  "description": "NZ Ethnicity Level 4 Codes",
  "copyright": "© 2010+ New Zealand Crown Copyright",
  "caseSensitive": true,
  "valueSet": "http://its.patientsfirst.org.nz/RestService.svc/Terminz/ValueSet/NzEthnicityL4",
  "compositional": false,
  "versionNeeded": false,
  "content": "complete",
  "concept": [
    {
      "code": "10000",
      "display": "European NFD"
    },
    {
      "code": "11111",
      "display": "New Zealand European"
    },
    {
      "code": "12100",
      "display": "British NFD"
    },
    {
      "code": "12111",
      "display": "Celtic"
    },
    {
      "code": "12112",
      "display": "Channel Islander"
    },
    {
      "code": "12113",
      "display": "Cornish"
    },
    {
      "code": "12114",
      "display": "English"
    },
    {
      "code": "12115",
      "display": "Gaelic"
    },
    {
      "code": "12116",
      "display": "Irish"
    },
    {
      "code": "12117",
      "display": "Manx"
    },
    {
      "code": "12118",
      "display": "Orkney Islander"
    },
    {
      "code": "12119",
      "display": "Scottish (Scots)"
    },
    {
      "code": "12120",
      "display": "Shetland Islander"
    },
    {
      "code": "12121",
      "display": "Welsh"
    },
    {
      "code": "12199",
      "display": "British NEC"
    },
    {
      "code": "12211",
      "display": "Dutch/Netherlands"
    },
    {
      "code": "12311",
      "display": "Greek (including Greek Cypriot)"
    },
    {
      "code": "12411",
      "display": "Polish"
    },
    {
      "code": "12500",
      "display": "South Slav (formerly Yugoslav groups) NFD"
    },
    {
      "code": "12511",
      "display": "Croat/Croatian"
    },
    {
      "code": "12512",
      "display": "Dalmatian"
    },
    {
      "code": "12513",
      "display": "Macedonian"
    },
    {
      "code": "12514",
      "display": "Serb/Serbian"
    },
    {
      "code": "12515",
      "display": "Slovene/Slovenian"
    },
    {
      "code": "12516",
      "display": "Bosnian"
    },
    {
      "code": "12599",
      "display": "South Slav (formerly Yugoslav groups) NEC"
    },
    {
      "code": "12611",
      "display": "Italian"
    },
    {
      "code": "12711",
      "display": "German"
    },
    {
      "code": "12811",
      "display": "Australian"
    },
    {
      "code": "12911",
      "display": "Albanian"
    },
    {
      "code": "12912",
      "display": "Armenian"
    },
    {
      "code": "12913",
      "display": "Austrian"
    },
    {
      "code": "12914",
      "display": "Belgian"
    },
    {
      "code": "12915",
      "display": "Bulgarian"
    },
    {
      "code": "12916",
      "display": "Belorussian"
    },
    {
      "code": "12917",
      "display": "Corsican"
    },
    {
      "code": "12918",
      "display": "Cypriot Unspecified"
    },
    {
      "code": "12919",
      "display": "Czech"
    },
    {
      "code": "12920",
      "display": "Danish"
    },
    {
      "code": "12921",
      "display": "Estonian"
    },
    {
      "code": "12922",
      "display": "Finnish"
    },
    {
      "code": "12923",
      "display": "Flemish"
    },
    {
      "code": "12924",
      "display": "French"
    },
    {
      "code": "12925",
      "display": "Greenlander"
    },
    {
      "code": "12926",
      "display": "Hungarian"
    },
    {
      "code": "12927",
      "display": "Icelander"
    },
    {
      "code": "12928",
      "display": "Latvian"
    },
    {
      "code": "12929",
      "display": "Lithuanian"
    },
    {
      "code": "12930",
      "display": "Maltese"
    },
    {
      "code": "12931",
      "display": "Norwegian"
    },
    {
      "code": "12932",
      "display": "Portuguese"
    },
    {
      "code": "12933",
      "display": "Romanian / Rumanian"
    },
    {
      "code": "12934",
      "display": "Romany / Gypsy"
    },
    {
      "code": "12935",
      "display": "Russian"
    },
    {
      "code": "12936",
      "display": "Sardinian"
    },
    {
      "code": "12937",
      "display": "Slavic / Slav"
    },
    {
      "code": "12938",
      "display": "Slovak"
    },
    {
      "code": "12939",
      "display": "Spanish"
    },
    {
      "code": "12940",
      "display": "Swedish"
    },
    {
      "code": "12941",
      "display": "Swiss"
    },
    {
      "code": "12942",
      "display": "Ukrainian"
    },
    {
      "code": "12943",
      "display": "American (US)"
    },
    {
      "code": "12944",
      "display": "Burgher"
    },
    {
      "code": "12945",
      "display": "Canadian"
    },
    {
      "code": "12946",
      "display": "Falkland Islander / Kelper"
    },
    {
      "code": "12947",
      "display": "New Caledonian"
    },
    {
      "code": "12948",
      "display": "South African"
    },
    {
      "code": "12949",
      "display": "Afrikaner"
    },
    {
      "code": "12950",
      "display": "Zimbabwean"
    },
    {
      "code": "12999",
      "display": "European NEC"
    },
    {
      "code": "21111",
      "display": "Māori"
    },
    {
      "code": "30000",
      "display": "Pacific peoples NFD"
    },
    {
      "code": "31111",
      "display": "Samoan"
    },
    {
      "code": "32100",
      "display": "Cook Island Māori NFD"
    },
    {
      "code": "32111",
      "display": "Aitutaki Islander"
    },
    {
      "code": "32112",
      "display": "Atiu Islander"
    },
    {
      "code": "32113",
      "display": "Mangaia Islander"
    },
    {
      "code": "32114",
      "display": "Manihiki Islander"
    },
    {
      "code": "32115",
      "display": "Mauke Islander"
    },
    {
      "code": "32116",
      "display": "Mitiaro Islander"
    },
    {
      "code": "32117",
      "display": "Palmerston Islander"
    },
    {
      "code": "32118",
      "display": "Penrhyn Islander"
    },
    {
      "code": "32119",
      "display": "Pukapuka Islander"
    },
    {
      "code": "32120",
      "display": "Rakahanga Islander"
    },
    {
      "code": "32121",
      "display": "Rarotongan"
    },
    {
      "code": "33111",
      "display": "Tongan"
    },
    {
      "code": "34111",
      "display": "Niuean"
    },
    {
      "code": "35111",
      "display": "Tokelauan"
    },
    {
      "code": "36111",
      "display": "Fijian (except Fiji Indian / Indo-Fijian)"
    },
    {
      "code": "37111",
      "display": "Admiralty Islander"
    },
    {
      "code": "37112",
      "display": "Australian Aboriginal"
    },
    {
      "code": "37113",
      "display": "Austral Islander"
    },
    {
      "code": "37114",
      "display": "Belau / Palau Islander"
    },
    {
      "code": "37115",
      "display": "Bismark Archipelagoan"
    },
    {
      "code": "37116",
      "display": "Bougainvillean"
    },
    {
      "code": "37117",
      "display": "Caroline Islander"
    },
    {
      "code": "37118",
      "display": "Easter Islander"
    },
    {
      "code": "37119",
      "display": "Gambier Islander"
    },
    {
      "code": "37120",
      "display": "Guadalcanalian"
    },
    {
      "code": "37121",
      "display": "Guam Islander / Chamorro"
    },
    {
      "code": "37122",
      "display": "Hawaiian"
    },
    {
      "code": "37123",
      "display": "Kanaka / Kanak"
    },
    {
      "code": "37124",
      "display": "I-Kiribati / Gilbertese"
    },
    {
      "code": "37125",
      "display": "Malaitian"
    },
    {
      "code": "37126",
      "display": "Manus Islander"
    },
    {
      "code": "37127",
      "display": "Marianas Islander"
    },
    {
      "code": "37128",
      "display": "Marquesas Islander"
    },
    {
      "code": "37129",
      "display": "Marshall Islander"
    },
    {
      "code": "37130",
      "display": "Nauru Islander"
    },
    {
      "code": "37131",
      "display": "New Britain Islander"
    },
    {
      "code": "37132",
      "display": "New Georgian"
    },
    {
      "code": "37133",
      "display": "New Irelander"
    },
    {
      "code": "37134",
      "display": "Ocean Islander / Banaban"
    },
    {
      "code": "37135",
      "display": "Papuan / New Guinean / Irian Jayan"
    },
    {
      "code": "37136",
      "display": "Phoenix Islander"
    },
    {
      "code": "37137",
      "display": "Pitcairn Islander"
    },
    {
      "code": "37138",
      "display": "Rotuman / Rotuman Islander"
    },
    {
      "code": "37139",
      "display": "Santa Cruz Islander"
    },
    {
      "code": "37140",
      "display": "Society Islander (including Tahitian)"
    },
    {
      "code": "37141",
      "display": "Solomon Islander"
    },
    {
      "code": "37142",
      "display": "Torres Strait Islander / Thursday Islander"
    },
    {
      "code": "37143",
      "display": "Tuamotu Islander"
    },
    {
      "code": "37144",
      "display": "Tuvalu Islander / Ellice Islander"
    },
    {
      "code": "37145",
      "display": "Vanuatu Islander / New Hebridean"
    },
    {
      "code": "37146",
      "display": "Wake Islander"
    },
    {
      "code": "37147",
      "display": "Wallis Islander"
    },
    {
      "code": "37148",
      "display": "Yap Islander"
    },
    {
      "code": "37199",
      "display": "Other Pacific peoples NEC"
    },
    {
      "code": "40000",
      "display": "Asian NFD"
    },
    {
      "code": "41000",
      "display": "Southeast Asian NFD"
    },
    {
      "code": "41111",
      "display": "Filipino"
    },
    {
      "code": "41211",
      "display": "Khmer / Kampuchean / Cambodian"
    },
    {
      "code": "41311",
      "display": "Vietnamese"
    },
    {
      "code": "41411",
      "display": "Burmese"
    },
    {
      "code": "41412",
      "display": "Indonesian (including Javanese / Sundanese / Sumatran)"
    },
    {
      "code": "41413",
      "display": "Lao / Laotian"
    },
    {
      "code": "41414",
      "display": "Malay / Malayan"
    },
    {
      "code": "41415",
      "display": "Thai / Tai / Siamese"
    },
    {
      "code": "41499",
      "display": "Other Southeast Asian NEC"
    },
    {
      "code": "42100",
      "display": "Chinese NFD"
    },
    {
      "code": "42111",
      "display": "Hong Kong Chinese"
    },
    {
      "code": "42112",
      "display": "Kampuchean Chinese"
    },
    {
      "code": "42113",
      "display": "Malaysian Chinese"
    },
    {
      "code": "42114",
      "display": "Singaporean Chinese"
    },
    {
      "code": "42115",
      "display": "Vietnamese Chinese"
    },
    {
      "code": "42116",
      "display": "Taiwanese Chinese"
    },
    {
      "code": "42199",
      "display": "Chinese NEC"
    },
    {
      "code": "43100",
      "display": "Indian NFD"
    },
    {
      "code": "43111",
      "display": "Bengali"
    },
    {
      "code": "43112",
      "display": "Fijian Indian / Indo-Fijian"
    },
    {
      "code": "43113",
      "display": "Gujarati"
    },
    {
      "code": "43114",
      "display": "Tamil"
    },
    {
      "code": "43115",
      "display": "Punjabi"
    },
    {
      "code": "43116",
      "display": "Sikh"
    },
    {
      "code": "43117",
      "display": "Anglo Indian"
    },
    {
      "code": "43199",
      "display": "Indian NEC"
    },
    {
      "code": "44100",
      "display": "Sri Lankan NFD"
    },
    {
      "code": "44111",
      "display": "Sinhalese"
    },
    {
      "code": "44112",
      "display": "Sri Lankan Tamil"
    },
    {
      "code": "44199",
      "display": "Sri Lankan NEC"
    },
    {
      "code": "44211",
      "display": "Japanese"
    },
    {
      "code": "44311",
      "display": "Korean"
    },
    {
      "code": "44411",
      "display": "Afghani"
    },
    {
      "code": "44412",
      "display": "Bangladeshi"
    },
    {
      "code": "44413",
      "display": "Nepalese"
    },
    {
      "code": "44414",
      "display": "Pakistani"
    },
    {
      "code": "44415",
      "display": "Tibetan"
    },
    {
      "code": "44416",
      "display": "Eurasian"
    },
    {
      "code": "44499",
      "display": "Other Asian NEC"
    },
    {
      "code": "51100",
      "display": "Middle Eastern NFD"
    },
    {
      "code": "51111",
      "display": "Algerian"
    },
    {
      "code": "51112",
      "display": "Arab"
    },
    {
      "code": "51113",
      "display": "Assyrian"
    },
    {
      "code": "51114",
      "display": "Egyptian"
    },
    {
      "code": "51115",
      "display": "Iranian / Persian"
    },
    {
      "code": "51116",
      "display": "Iraqi"
    },
    {
      "code": "51117",
      "display": "Israeli / Jewish / Hebrew"
    },
    {
      "code": "51118",
      "display": "Jordanian"
    },
    {
      "code": "51119",
      "display": "Kurd"
    },
    {
      "code": "51120",
      "display": "Lebanese"
    },
    {
      "code": "51121",
      "display": "Libyan"
    },
    {
      "code": "51122",
      "display": "Moroccan"
    },
    {
      "code": "51123",
      "display": "Omani"
    },
    {
      "code": "51124",
      "display": "Palestinian"
    },
    {
      "code": "51125",
      "display": "Syrian"
    },
    {
      "code": "51126",
      "display": "Tunisian"
    },
    {
      "code": "51127",
      "display": "Turkish (including Turkish Cypriot)"
    },
    {
      "code": "51128",
      "display": "Yemeni"
    },
    {
      "code": "51199",
      "display": "Middle Eastern NEC"
    },
    {
      "code": "52100",
      "display": "Latin American / Hispanic NFD"
    },
    {
      "code": "52111",
      "display": "Argentinian"
    },
    {
      "code": "52112",
      "display": "Bolivian"
    },
    {
      "code": "52113",
      "display": "Brazilian"
    },
    {
      "code": "52114",
      "display": "Chilean"
    },
    {
      "code": "52115",
      "display": "Colombian"
    },
    {
      "code": "52116",
      "display": "Costa Rican"
    },
    {
      "code": "52117",
      "display": "Creole (Latin America)"
    },
    {
      "code": "52118",
      "display": "Ecuadorian"
    },
    {
      "code": "52119",
      "display": "Guatemalan"
    },
    {
      "code": "52120",
      "display": "Guyanese"
    },
    {
      "code": "52121",
      "display": "Honduran"
    },
    {
      "code": "52122",
      "display": "Malvinian (Spanish-speaking Falkland Islander)"
    },
    {
      "code": "52123",
      "display": "Mexican"
    },
    {
      "code": "52124",
      "display": "Nicaraguan"
    },
    {
      "code": "52125",
      "display": "Panamanian"
    },
    {
      "code": "52126",
      "display": "Paraguayan"
    },
    {
      "code": "52127",
      "display": "Peruvian"
    },
    {
      "code": "52128",
      "display": "Puerto Rican"
    },
    {
      "code": "52129",
      "display": "Uruguayan"
    },
    {
      "code": "52130",
      "display": "Venezuelan"
    },
    {
      "code": "52199",
      "display": "Latin American / Hispanic NEC"
    },
    {
      "code": "53100",
      "display": "African NFD"
    },
    {
      "code": "53112",
      "display": "Creole (US)"
    },
    {
      "code": "53113",
      "display": "Jamaican"
    },
    {
      "code": "53114",
      "display": "Kenyan"
    },
    {
      "code": "53115",
      "display": "Nigerian"
    },
    {
      "code": "53116",
      "display": "African American"
    },
    {
      "code": "53117",
      "display": "Ugandan"
    },
    {
      "code": "53118",
      "display": "West Indian / Caribbean"
    },
    {
      "code": "53119",
      "display": "Somali"
    },
    {
      "code": "53120",
      "display": "Eritrean"
    },
    {
      "code": "53121",
      "display": "Ethiopian"
    },
    {
      "code": "53122",
      "display": "Ghanaian"
    },
    {
      "code": "53199",
      "display": "Other African NEC"
    },
    {
      "code": "61111",
      "display": "Central American Indian"
    },
    {
      "code": "61112",
      "display": "Inuit / Eskimo"
    },
    {
      "code": "61113",
      "display": "North American Indian"
    },
    {
      "code": "61114",
      "display": "South American Indian"
    },
    {
      "code": "61115",
      "display": "Mauritian"
    },
    {
      "code": "61116",
      "display": "Seychelles Islander"
    },
    {
      "code": "61117",
      "display": "South African Coloured"
    },
    {
      "code": "61118",
      "display": "New Zealander"
    },
    {
      "code": "61199",
      "display": "Other NEC"
    },
    {
      "code": "94444",
      "display": "Don't know"
    },
    {
      "code": "95555",
      "display": "Refused to answer"
    },
    {
      "code": "96666",
      "display": "Repeated Value"
    },
    {
      "code": "97777",
      "display": "Response unidentifiable"
    },
    {
      "code": "98888",
      "display": "Response Outside Scope"
    },
    {
      "code": "99999",
      "display": "Not stated"
    }
  ]
}