{
  "resourceType": "Patient",
  "id": "example",
  "text": {
    "status": "generated",
    "div": "<div xmlns=\"http://www.w3.org/1999/xhtml\">\n      <table> \n        <tbody> \n          <tr> \n            <td> Name</td> \n            <td> Peter James \n              <b> Chalmers</b>  (&quot;Jim&quot;)\n            </td> \n          </tr> \n          <tr> \n            <td> Address</td> \n            <td> 534 Erewhon, Pleasantville, Vic, 3999</td> \n          </tr> \n          <tr> \n            <td> Contacts</td> \n            <td> Home: unknown. Work: (03) 5555 6473</td> \n          </tr> \n          <tr> \n            <td> Id</td> \n            <td> MRN: 12345 (Acme Healthcare)</td> \n          </tr> \n        </tbody> \n      </table> \n    </div>"
  },
  "active": true,
  "name": [
    {
      "use": "official",
      "family": "Chalmers",
      "given": [
        "Peter",
        "James"
      ]
    },
    {
      "use": "usual",
      "given": [
        "Jim"
      ]
    },
    {
      "use": "maiden",
      "family": "Windsor",
      "given": [
        "Peter",
        "James"
      ],
      "period": {
        "end": "2002"
      }
    }
  ],
  "telecom": [
    {
      "use": "home"
    },
    {
      "system": "phone",
      "value": "(03) 5555 6473",
      "use": "work",
      "rank": 1
    },
    {
      "system": "phone",
      "value": "(03) 3410 5613",
      "use": "mobile",
      "rank": 2
    },
    {
      "system": "phone",
      "value": "(03) 5555 8834",
      "use": "old",
      "period": {
        "end": "2014"
      }
    }
  ],
  "gender": "male",
  "birthDate": "1974-12-25",
  "_birthDate": {
    "extension": [
      {
        "url": "http://hl7.org/fhir/StructureDefinition/patient-birthTime",
        "valueDateTime": "1974-12-25T14:35:45-05:00"
      }
    ]
  },
  "deceasedBoolean": false,
  "address": [
    {
      "use": "home",
      "type": "both",
      "text": "534 Erewhon St PeasantVille, Rainbow, Vic  3999",
      "line": [
        "534 Erewhon St"
      ],
      "city": "PleasantVille",
      "district": "Rainbow",
      "state": "Vic",
      "postalCode": "3999",
      "period": {
        "start": "1974-12-25"
      }
    }
  ]
}